user_id,gym_id,start_date,due_date
U3971775,G2258837,2024-08-29,2025-04-16
U7086169,G8560623,2024-04-07,2025-03-23
U3722275,G6531680,2024-09-24,2025-07-05
U4240027,G0134791,2024-08-03,2025-05-25
U2409722,G0609899,2024-07-09,2026-02-04
U4745224,G8560623,2024-07-26,2025-03-20
U7539308,G3132592,2025-01-05,2026-02-12
U1133203,G0657807,2024-04-01,2025-09-15
U7132843,G9375999,2024-10-25,2025-11-15
U1151368,G0278233,2024-10-21,2025-02-22
U5002744,G0997350,2024-09-11,2025-08-22
U2728044,G6850372,2024-07-27,2025-04-24
U6041078,G9383656,2024-07-15,2025-02-03
U9855132,G3132592,2024-07-25,2025-08-07
U2886745,G3132592,2024-03-05,2025-09-11
U6636303,G8560623,2024-11-21,2025-06-07
U0547528,G6531680,2024-09-12,2026-02-26
U5121365,G2516346,2024-08-16,2026-02-08
U3854820,G5039184,2024-01-24,2025-07-08
U9122878,G1510963,2024-06-12,2025-09-12
U0143936,G4654312,2024-11-08,2025-09-02
U9525733,G6574300,2024-10-24,2025-12-29
U0983225,G6574300,2024-09-20,2025-09-23
U0618486,G5865195,2024-11-02,2026-02-26
U9619263,G1092313,2024-02-20,2025-08-21
U2481163,G5018498,2025-01-21,2025-07-03
U7881204,G5545913,2024-07-19,2025-02-18
U5811032,G2629582,2024-08-29,2026-01-05
U0414123,G3132592,2024-09-04,2025-08-10
U5482071,G9554401,2024-10-18,2025-06-06
U4811654,G9920427,2024-12-25,2026-03-18
U0206001,G0609899,2024-12-02,2025-01-29
U3620337,G0278233,2024-11-26,2025-11-19
U2497329,G9227429,2024-04-13,2026-03-20
U8266606,G8560623,2024-10-26,2025-03-04
U0678311,G1355092,2024-06-04,2026-04-27
U4524705,G9920427,2024-06-10,2025-09-25
U4388722,G4541547,2024-06-16,2026-02-14
U3030534,G6531680,2024-12-03,2026-01-06
U7271435,G4654312,2024-03-30,2025-02-17
U6013899,G2629582,2024-01-18,2025-05-01
U7626531,G7512147,2024-06-20,2026-01-03
U8559929,G1355092,2024-03-06,2025-02-26
U9058933,G9920427,2025-01-19,2025-03-26
U1437242,G0278233,2024-05-05,2026-04-04
U9782733,G3520218,2024-11-26,2025-10-09
U4799694,G9316726,2024-11-01,2025-12-30
U9594230,G9045360,2024-05-20,2026-04-19
U6065670,G6855574,2024-07-16,2025-02-07
U7773593,G8853203,2024-01-14,2025-10-13
U5878037,G6574300,2024-08-10,2025-02-18
U2519096,G0278233,2024-05-03,2025-10-16
U9476851,G1010909,2024-04-22,2026-04-26
U3476946,G3787234,2024-03-26,2025-02-09
U9602969,G1092313,2024-06-07,2025-11-11
U5090780,G6531680,2024-04-06,2025-10-06
U0602348,G1355092,2024-02-25,2026-02-10
U3127788,G9045360,2024-02-01,2025-03-06
U5657533,G6390372,2024-03-12,2025-06-24
U9640687,G1010909,2024-01-29,2026-01-27
U4387682,G6574300,2024-10-23,2026-01-02
U8580780,G6850372,2024-06-03,2025-05-25
U1111502,G9045360,2024-12-30,2026-02-19
U4725125,G6850372,2024-02-21,2025-01-22
U4939856,G6531680,2024-08-10,2025-08-30
U4309630,G1355092,2024-01-11,2025-07-30
U8730500,G9931877,2024-09-25,2025-07-22
U8790860,G2516346,2024-05-10,2026-03-29
U6079589,G0431450,2024-10-10,2025-06-22
U7873482,G5865195,2024-04-30,2025-05-02
U1538017,G2018684,2024-04-01,2025-12-09
U0214037,G5649480,2024-03-01,2025-06-19
U5425789,G6531680,2024-04-16,2025-05-13
U5394946,G1618731,2024-09-07,2025-08-24
U8485324,G9920427,2024-06-15,2025-09-23
U9959746,G5018498,2024-11-16,2025-12-10
U9361670,G6390372,2024-02-28,2025-08-13
U6331398,G5649480,2024-12-02,2026-01-12
U1445983,G3520218,2024-11-11,2025-10-02
U3649028,G3520218,2024-05-09,2025-09-21
U3147192,G6466892,2024-05-02,2026-01-14
U1907037,G7512147,2024-09-14,2025-09-15
U2373640,G5077864,2024-02-13,2025-07-31
U2297193,G2516346,2024-07-12,2026-01-20
U5513516,G8853203,2024-01-14,2026-01-09
U4732208,G8342515,2024-02-05,2025-08-05
U7756698,G1092313,2024-04-26,2025-12-08
U8727342,G0431450,2024-07-21,2025-06-21
U5978907,G1355092,2024-09-04,2025-10-20
U9147778,G0431450,2024-02-03,2025-02-27
U3982931,G6807211,2024-05-01,2025-05-31
U9630999,G1355092,2024-03-23,2025-02-02
U6566175,G2258837,2024-10-12,2025-03-04
U9701912,G1092313,2025-01-01,2025-05-02
U3266087,G1355092,2024-02-29,2025-07-02
U8514744,G5649480,2024-09-14,2026-04-21
U5690082,G2018684,2024-04-12,2025-10-13
U9176562,G4541547,2024-08-31,2025-02-18
U9633336,G3787234,2024-01-30,2025-07-19
U4717354,G3520218,2024-09-19,2026-01-21
U0900742,G0762428,2024-12-07,2026-04-11
U6925884,G9227429,2024-07-06,2025-12-23
U5253260,G3960550,2024-04-08,2025-04-26
U7066058,G2516346,2024-03-04,2025-03-22
U4750134,G8853203,2024-04-05,2025-05-07
U4281067,G4947802,2024-12-12,2026-02-17
U3128581,G9045360,2024-04-13,2025-01-29
U3133366,G9316726,2024-01-15,2026-01-30
U4249904,G0997350,2024-05-17,2026-03-16
U9492844,G6466892,2024-09-07,2025-05-24
U8258590,G4947802,2024-04-08,2025-12-29
U2707174,G0609899,2024-12-14,2025-09-24
U1976906,G2258837,2024-10-27,2025-09-18
U9550296,G2018684,2024-08-11,2025-06-30
U4516441,G0997350,2024-10-31,2025-06-20
U6769426,G9383656,2024-06-22,2025-04-22
U3819826,G0657807,2024-12-06,2025-09-29
U6158232,G5018498,2024-01-24,2025-10-23
U5495600,G3132592,2024-10-07,2026-04-17
U2402142,G5545913,2024-01-07,2026-02-21
U0280850,G5545913,2024-03-13,2026-01-13
U1991134,G9227429,2024-06-13,2025-09-26
U5551285,G6466892,2024-12-12,2025-07-03
U7666745,G2935193,2024-08-14,2026-02-21
U0108297,G1355092,2024-11-14,2025-08-10
U8692852,G6850372,2024-03-15,2026-02-21
U5685194,G5018498,2024-03-08,2026-01-02
U1087467,G9045360,2024-12-03,2026-04-07
U9592125,G3787234,2024-04-11,2025-06-30
U0602692,G9045360,2024-12-06,2026-01-16
U6554320,G6531680,2024-07-07,2025-02-09
U0575728,G5077864,2024-03-07,2025-01-29
U3935100,G0609899,2024-05-14,2025-11-25
U3044054,G5545913,2025-01-13,2026-01-28
U4551307,G1010909,2024-11-18,2025-02-16
U9678054,G6850372,2024-12-04,2025-06-01
U6713569,G9045360,2024-08-17,2025-09-25
U2688481,G1355092,2024-11-14,2025-11-02
U1311781,G1510963,2024-07-09,2026-02-19
U5337609,G6855574,2024-04-28,2026-03-22
U7699159,G9227429,2024-02-24,2025-10-29
U0078777,G5865195,2024-03-30,2025-02-14
U0331318,G9045360,2024-05-28,2025-05-05
U8569888,G5545913,2024-12-04,2025-11-16
U4096189,G9375999,2024-12-13,2025-08-25
U4334485,G6390372,2024-09-05,2026-01-22
U0204632,G9383656,2024-06-06,2025-07-13
U7218614,G4947802,2024-02-26,2025-05-29
U7401264,G2935193,2024-06-17,2025-09-26
U9131953,G5865195,2024-04-16,2025-01-22
U3719376,G4947802,2024-01-04,2025-08-10
U4453202,G9873541,2024-01-27,2025-06-29
U9342650,G4474292,2024-03-24,2025-05-09
U1430517,G6390372,2024-11-02,2025-04-29
U6509711,G3960550,2024-12-20,2025-02-10
U7457858,G1618731,2024-01-29,2025-04-19
U7586080,G6390372,2024-03-21,2026-02-07
U6910536,G7512147,2024-11-02,2025-10-10
U6720020,G6850372,2024-05-02,2025-02-17
U1914213,G3520218,2024-01-16,2026-03-20
U1736960,G2258837,2024-05-11,2025-06-18
U3239694,G9554401,2024-08-05,2026-01-12
U5218779,G6574300,2024-06-22,2025-06-17
U0789789,G3132592,2024-09-22,2025-05-16
U5045843,G2258837,2024-05-07,2025-05-02
U1675685,G6466892,2024-10-15,2025-03-25
U4269567,G8560623,2024-08-26,2025-07-19
U9423617,G5077864,2024-07-19,2025-05-26
U2559484,G2018684,2024-11-01,2025-06-26
U4768022,G0609899,2024-04-10,2025-10-16
U7218018,G9383656,2024-04-13,2026-04-27
U0356291,G0997350,2024-05-13,2026-02-12
U0004128,G9931877,2025-01-06,2025-11-21
U7862577,G1618731,2024-10-20,2025-07-31
U6858630,G6531680,2024-10-02,2025-01-24
U7076024,G9383656,2024-08-28,2026-03-05
U2856839,G0997350,2024-08-10,2025-10-22
U1150569,G1618731,2025-01-09,2025-03-30
U9784886,G9316726,2024-02-21,2025-10-01
U0944941,G3132592,2024-03-30,2025-04-25
U8507629,G9873541,2024-02-11,2025-04-01
U0583510,G9554401,2024-02-28,2026-03-31
U6393428,G9931877,2024-12-11,2025-03-17
U4256896,G9931877,2024-01-15,2025-01-30
U4082082,G5643811,2024-03-07,2025-12-04
U8907321,G6850372,2024-10-14,2025-04-05
U0760198,G3132592,2024-02-28,2026-01-27
U4019671,G9931877,2024-08-01,2025-08-26
U4071818,G3132592,2024-06-23,2025-03-20
U0255703,G2516346,2024-07-22,2026-01-24
U6860562,G4654312,2024-08-18,2025-03-02
U4877234,G7512147,2024-03-25,2025-10-20
U9781171,G6574300,2024-06-16,2025-08-18
U0604977,G1510963,2024-02-10,2025-08-21
U0732988,G8560623,2024-01-31,2026-01-18
U4031824,G6807211,2024-04-12,2025-07-05
U8410231,G6531680,2024-01-31,2025-07-25
U9084967,G6850372,2017-09-16,2018-04-16
U1918523,G3520218,2023-12-09,2024-02-14
U1035586,G6850372,2017-04-27,2017-09-15
U3379566,G6855574,2016-04-19,2016-06-28
U2712224,G1510963,2019-10-15,2020-05-31
U3403692,G2629582,2019-12-18,2020-08-14
U3853044,G9045360,2018-12-18,2019-01-29
U7541021,G9554401,2022-06-13,2023-03-31
U7693784,G0762428,2017-02-10,2017-09-15
U6144215,G0657807,2023-09-26,2024-04-29
U6960022,G1010909,2024-01-05,2024-05-09
U0394095,G5643811,2016-06-17,2016-11-04
U3279904,G3787234,2015-01-06,2015-03-23
U4709082,G3787234,2024-12-20,2025-09-19
U3918596,G1510963,2018-05-24,2019-03-13
U1280623,G9920427,2018-01-16,2018-03-23
U6499465,G4654312,2024-02-18,2024-04-25
U9172444,G2629582,2015-05-18,2015-12-06
U2473890,G5018498,2016-08-22,2016-11-11
U2099715,G0762428,2017-12-31,2018-06-04
U8385710,G0997350,2022-08-08,2023-07-27
U8815345,G2629582,2023-07-05,2024-05-10
U1693536,G6855574,2022-04-22,2022-05-31
U1228962,G0134791,2019-02-08,2019-10-14
U5092772,G5545913,2022-03-20,2022-09-18
U0493754,G5643811,2015-02-15,2015-04-16
U8463686,G5545913,2019-04-09,2019-10-01
U5608158,G8853203,2021-08-31,2022-05-28
U5762483,G2018684,2017-05-25,2017-08-09
U5841532,G6390372,2020-09-21,2021-09-02
U0556380,G4654312,2018-02-05,2018-04-14
U0284857,G4947802,2023-02-07,2023-05-30
U7246951,G8342515,2023-05-18,2023-09-29
U1380971,G1010909,2021-07-16,2022-02-10
U1871471,G5649480,2022-10-15,2023-03-25
U4494560,G7512147,2018-10-28,2019-08-06
U4628420,G4947802,2024-06-28,2025-02-14
U8028239,G6807211,2024-05-11,2024-06-15
U0812415,G9931877,2021-12-12,2022-10-04
U4331368,G5865195,2019-02-22,2019-07-25
U9565523,G5649480,2015-05-26,2015-09-29
U0832196,G9045360,2019-07-06,2019-10-17
U7182693,G6466892,2020-12-13,2021-05-25
U3622913,G2516346,2017-09-16,2018-05-06
U2262524,G8560623,2015-07-13,2016-06-01
U5076036,G9316726,2021-03-24,2021-09-09
U0556020,G0431450,2020-11-27,2021-02-15
U4072234,G8853203,2019-02-03,2020-01-10
U7635784,G2258837,2024-07-12,2024-08-22
U9975586,G3132592,2016-05-13,2017-02-25
U3734276,G9931877,2020-04-17,2020-06-22
U3261268,G6855574,2024-11-03,2025-03-22
U8627206,G8342515,2019-05-06,2020-03-17
U7111069,G5018498,2024-12-10,2025-07-30
U3452479,G2258837,2022-02-16,2022-05-29
U9018676,G0609899,2022-04-06,2022-05-17
U8721179,G2516346,2016-07-26,2016-09-09
U6452915,G6855574,2017-05-11,2017-12-17
U8831406,G0431450,2024-07-14,2025-02-01
U8465924,G9227429,2015-02-02,2015-08-08
U8640108,G3520218,2018-03-05,2018-05-16
U1066728,G2629582,2021-11-19,2022-06-01
U1646891,G2935193,2024-03-10,2024-07-02
U2361705,G4654312,2023-04-29,2023-09-06
U2592529,G0431450,2024-09-14,2025-03-16
U2655245,G9045360,2017-01-18,2017-07-29
U7996926,G8853203,2019-06-27,2019-10-26
U9832218,G8560623,2015-01-25,2015-04-30
U9114789,G0278233,2017-12-27,2018-11-08
U7795044,G0657807,2021-10-21,2022-01-17
U9043756,G6807211,2016-06-19,2016-09-24
U1058497,G5018498,2022-10-02,2023-06-30
U5144349,G6466892,2019-03-12,2019-07-09
U3841016,G6850372,2018-11-18,2019-04-04
U6329820,G3520218,2022-02-21,2023-01-13
U9069113,G2516346,2019-07-11,2020-01-23
U2748061,G2935193,2020-04-24,2021-01-25
U5294550,G9554401,2020-11-07,2021-06-26
U8727382,G0431450,2017-05-02,2018-02-07
U2301830,G5865195,2023-12-15,2024-03-23
U5881335,G4474292,2020-05-28,2021-05-10
U2867802,G4947802,2017-08-05,2018-01-21
U6987378,G0997350,2019-03-29,2019-05-01
U6547901,G6850372,2019-10-21,2020-02-06
U0817522,G0657807,2020-09-25,2021-06-02
U1464783,G8560623,2015-09-27,2016-02-05
U4160462,G9375999,2019-08-28,2020-04-21
U3248206,G9375999,2021-11-09,2022-06-02
U6119163,G9227429,2023-11-12,2024-01-25
U7826001,G9383656,2016-12-18,2017-09-27
U1034610,G2935193,2021-05-19,2022-03-27
U6948276,G1510963,2018-07-11,2018-09-29
U7057254,G9383656,2015-08-01,2015-12-15
U9372383,G4947802,2023-05-13,2024-03-20
U9961472,G2516346,2015-06-13,2015-07-15
U2614216,G6574300,2021-06-02,2021-09-23
U0587741,G9920427,2019-09-02,2020-08-30
U0512826,G0278233,2019-05-11,2020-03-13
U8648156,G5545913,2018-12-20,2019-09-15
U9961630,G9873541,2021-01-14,2021-03-25
U8992550,G6850372,2020-01-24,2020-05-13
U5412847,G6390372,2022-09-26,2023-05-06
U7897232,G4541547,2024-01-24,2024-03-03
U1624466,G1510963,2015-11-08,2016-06-13
U0483771,G2935193,2022-09-03,2022-11-07
U7628084,G1618731,2015-09-04,2016-01-03
U7584586,G6390372,2018-09-18,2019-08-13
U6708777,G4474292,2016-08-21,2017-01-09
U3400483,G6390372,2022-10-23,2023-09-03
U3558819,G5039184,2015-09-15,2016-07-23
U5292113,G9227429,2016-10-19,2017-09-12
U4145855,G9383656,2022-07-31,2023-01-09
U0171169,G5865195,2022-08-14,2023-01-18
U2874308,G3520218,2021-11-13,2022-06-23
U7750817,G6390372,2016-03-30,2016-07-12
U9369659,G6574300,2017-03-01,2017-05-21
U8393597,G0997350,2018-08-16,2019-02-07
U1074916,G0134791,2015-12-08,2016-06-04
U4221673,G3520218,2016-12-30,2017-12-29
U0471952,G2935193,2016-10-18,2017-01-06
U7165129,G9375999,2018-08-30,2019-07-27
U7446856,G2516346,2019-09-20,2020-03-03
U3801846,G1510963,2016-07-31,2017-02-20
U1424393,G2018684,2024-04-30,2025-02-04
U7484029,G5077864,2017-05-28,2018-01-26
U0156060,G7512147,2018-11-28,2019-10-19
U8109335,G0657807,2019-04-21,2020-01-21
U9863650,G0278233,2019-01-23,2019-12-20
U0485573,G8853203,2020-04-26,2021-01-26
U8262911,G5018498,2015-09-04,2016-01-10
U5983895,G8560623,2021-10-26,2022-02-18
U5355832,G0657807,2021-02-03,2021-07-06
U1474951,G5545913,2016-01-10,2016-10-12
U4579807,G9227429,2022-04-20,2023-02-22
U3101217,G2935193,2016-07-25,2016-09-14
U4206075,G3787234,2019-03-25,2019-06-28
U4457017,G0762428,2015-06-19,2015-09-19
U2697099,G6807211,2024-08-06,2025-02-11
U7150196,G0431450,2016-10-30,2017-07-07
U1801716,G0762428,2020-02-05,2020-06-08
U6065326,G0431450,2023-05-31,2023-09-25
U3950288,G9227429,2019-06-17,2020-01-23
U8235927,G5077864,2021-08-26,2022-08-15
U5118413,G0431450,2024-04-28,2024-08-03
U8706157,G0278233,2020-11-15,2021-10-23
U0656372,G0762428,2018-03-16,2018-08-07
U2992343,G5077864,2023-04-27,2024-04-22
U3032389,G6531680,2020-05-23,2021-03-30
U0979110,G2018684,2021-01-10,2021-11-18
U0042145,G1092313,2018-11-16,2019-02-28
U3623303,G5018498,2021-08-28,2022-07-02
U5099908,G8560623,2022-08-09,2022-11-01
U5376791,G6574300,2017-03-12,2018-01-10
U1626899,G4541547,2022-03-05,2022-09-08
U3132607,G5865195,2018-02-22,2018-09-01
U1925789,G0997350,2019-08-21,2020-05-02
U0318006,G0762428,2022-08-19,2023-03-07
U0791237,G9045360,2016-08-28,2017-06-04
U5321986,G4541547,2022-09-28,2023-03-10
U6498514,G6850372,2016-04-15,2017-02-08
U8704513,G4474292,2017-11-09,2018-04-03
U6944590,G3787234,2015-12-08,2016-08-11
U6013097,G2629582,2016-04-07,2016-08-16
U8152697,G9316726,2016-05-06,2017-04-16
U5259630,G0134791,2018-09-19,2019-02-18
U5132487,G6850372,2022-06-01,2022-12-19
U3299678,G6531680,2015-01-15,2015-10-12
U5938602,G5865195,2017-01-09,2017-04-30
U1702893,G2258837,2020-02-19,2020-06-17
U2687566,G4541547,2018-10-14,2019-01-07
U2465147,G0609899,2021-06-05,2021-12-10
U8929482,G9383656,2020-06-07,2020-10-22
U0540685,G5865195,2019-01-09,2019-06-02
U4731255,G0997350,2024-02-10,2024-11-14
U1990080,G6855574,2020-08-12,2021-02-28
U2300886,G5039184,2022-12-25,2023-09-03
U4336526,G9045360,2024-03-19,2024-11-08
U4567884,G9045360,2020-12-21,2021-08-06
U0450234,G4947802,2020-01-18,2020-06-09
U5103819,G5865195,2018-06-07,2019-03-25
U0464342,G1355092,2024-03-16,2025-03-07
U1165579,G3960550,2020-07-10,2020-09-15
U1679740,G0762428,2019-11-09,2020-01-06
U6699927,G2258837,2023-01-05,2023-10-20
U0490488,G6574300,2015-08-05,2015-12-06
U5317005,G5018498,2023-08-24,2024-04-20
U9499625,G5039184,2022-06-22,2023-04-11
U8966609,G8342515,2019-05-03,2019-09-22
U3351313,G7512147,2015-09-18,2016-02-07
U5659667,G1092313,2017-01-27,2017-08-24
U2398023,G1510963,2021-08-27,2021-10-21
U5797417,G6807211,2023-03-10,2024-02-07
U5420445,G9045360,2023-01-08,2023-05-11
U7621853,G3960550,2019-07-09,2020-01-31
U6952535,G2258837,2020-09-09,2020-10-17
U3957174,G0657807,2019-02-16,2019-05-06
U0436295,G8560623,2015-12-03,2016-07-28
U6094483,G7512147,2021-08-01,2021-12-31
U1350889,G2629582,2019-06-25,2020-05-28
U6009552,G0762428,2019-08-05,2020-03-29
U6495884,G5643811,2017-04-17,2017-11-28
U1206466,G9873541,2021-04-16,2021-06-28
U6629673,G3520218,2016-06-16,2016-08-30
U6198528,G0997350,2015-03-22,2015-12-01
U4853328,G4654312,2015-04-04,2015-12-25
U5961324,G5643811,2019-07-07,2020-03-04
U8554464,G6390372,2017-06-04,2018-03-29
U6466735,G0278233,2023-04-02,2023-10-02
U1284500,G5649480,2024-09-01,2024-12-11
U1104335,G4654312,2020-07-21,2020-12-08
U5251104,G9920427,2018-09-25,2019-09-03
U2650828,G2935193,2024-01-16,2024-12-29
U4323745,G3787234,2023-12-12,2024-08-28
U4399416,G5077864,2019-03-04,2019-06-13
U1619537,G0134791,2022-03-30,2022-09-08
U7328290,G9227429,2022-10-12,2022-12-01
U9262827,G6850372,2018-02-01,2019-01-31
U8096264,G4947802,2022-01-05,2022-10-24
U4352407,G5649480,2016-12-13,2017-02-22
U8956773,G9873541,2018-07-23,2018-08-24
U1574410,G6390372,2016-09-09,2016-11-25
U0652030,G6390372,2018-08-15,2019-07-09
U4944429,G0431450,2015-10-14,2016-03-31
U7219835,G5649480,2019-02-04,2019-11-15
U2760767,G0657807,2024-06-19,2024-10-18
U2576755,G5018498,2016-12-24,2017-08-04
U9298998,G2018684,2015-04-02,2015-06-27
U9569515,G3787234,2022-06-04,2022-10-25
U6390217,G6466892,2023-03-24,2024-03-04
U6694604,G5643811,2015-05-07,2015-08-15
U1489858,G5077864,2023-10-10,2024-02-20
U7635718,G0762428,2024-05-10,2024-12-24
U0031747,G6466892,2015-12-18,2016-02-03
U4686232,G4654312,2023-12-01,2024-08-12
U0593910,G9920427,2021-09-03,2021-12-23
U1371457,G3787234,2019-08-16,2020-03-12
U3221033,G9873541,2024-04-26,2024-09-11
U2063221,G6850372,2016-10-28,2017-09-26
U8395142,G6574300,2021-08-05,2021-09-30
U6211573,G5865195,2019-07-06,2020-06-01
U6941265,G4654312,2024-09-13,2024-12-16
U7269619,G0278233,2018-02-17,2019-02-01
U6055420,G9045360,2015-06-21,2016-04-23
U4783803,G9045360,2017-02-26,2017-10-18
U7403117,G9045360,2023-01-26,2023-09-10
U4417163,G5649480,2023-03-22,2023-10-15
U6117916,G0134791,2024-09-10,2025-03-27
U1904731,G0134791,2024-12-12,2025-02-20
U2826952,G1510963,2016-10-17,2017-05-12
U1385232,G3787234,2018-11-22,2019-03-25
U8681248,G5039184,2018-12-26,2019-06-27
U9445053,G0657807,2018-06-18,2019-04-29
U2304666,G9316726,2019-11-16,2020-02-13
U3042611,G6807211,2023-07-05,2024-03-08
U2062674,G8560623,2023-09-26,2023-12-18
U9142274,G2018684,2024-03-25,2024-05-04
U6677319,G0278233,2015-06-05,2015-11-20
U9569481,G0762428,2022-10-07,2023-08-07
U6917463,G5018498,2015-09-21,2016-08-17
U6483044,G9045360,2018-04-20,2018-06-23
U4325562,G0762428,2019-08-18,2020-07-20
U5521574,G5039184,2023-07-17,2024-01-04
U7308554,G4541547,2018-10-01,2019-08-02
U1669611,G2018684,2017-03-21,2017-08-20
U5419143,G7512147,2023-03-14,2023-10-13
U7555239,G9920427,2020-04-27,2020-11-15
U1135285,G2258837,2024-04-19,2025-02-11
U4606524,G4474292,2021-12-10,2022-09-06
U8582919,G8342515,2024-09-30,2025-06-07
U5071056,G4541547,2022-06-24,2023-02-28
U3709760,G0134791,2023-11-29,2024-11-25
U4977671,G0134791,2017-08-01,2018-03-08
U5827716,G8853203,2021-11-16,2022-10-05
U5725900,G5018498,2018-12-15,2019-07-21
U3776286,G9316726,2019-02-21,2019-11-11
U3241408,G3520218,2020-03-11,2020-10-08
U1066056,G1010909,2017-12-04,2018-11-03
U5631827,G0609899,2015-10-25,2016-05-09
U0946241,G0762428,2020-09-04,2021-03-30
U9133513,G6390372,2016-11-27,2017-02-25
U5221967,G0997350,2018-03-13,2018-08-18
U9051585,G3520218,2020-02-20,2020-08-06
U4839217,G4947802,2024-08-29,2025-05-13
U6663391,G6850372,2024-01-22,2024-04-12
U2686329,G5077864,2015-01-25,2015-05-09
U6232571,G9554401,2022-03-30,2022-11-05
U5010445,G3960550,2021-07-20,2021-11-12
U9734846,G8342515,2018-03-17,2018-07-14
U4779648,G5865195,2019-09-19,2020-01-28
U2610292,G1010909,2022-11-21,2023-07-16
U8281437,G6390372,2023-02-23,2023-11-23
U0686977,G0431450,2024-04-15,2024-10-14
U9917870,G6850372,2015-02-15,2015-12-15
U6858268,G0278233,2021-09-19,2022-04-21
U5286813,G6855574,2015-11-25,2016-01-12
U0065196,G4541547,2022-03-18,2023-01-14
U3403020,G8560623,2021-09-09,2022-03-26
U3648052,G2018684,2019-05-25,2020-03-22
U2502141,G1010909,2019-02-08,2019-11-12
U0602098,G5545913,2020-09-27,2020-11-16
U6631224,G3787234,2016-02-17,2016-12-04
U1730365,G4474292,2020-06-08,2020-10-03
U0496661,G6855574,2015-12-16,2016-01-19
U4317445,G9316726,2021-08-12,2021-11-27
U6860213,G1510963,2022-06-24,2022-10-14
U1970229,G0762428,2021-03-17,2021-08-31
U0631162,G5039184,2018-01-21,2018-06-18
U7386576,G2018684,2016-04-09,2016-10-11
U8671700,G5865195,2015-01-19,2015-04-20
U7229989,G4474292,2023-08-15,2023-11-02
U6285643,G6855574,2023-11-08,2023-12-15
U0191966,G8560623,2022-01-04,2022-03-27
U6227183,G0431450,2021-05-17,2021-11-15
U5207685,G9920427,2015-01-23,2015-06-15
U6164345,G7512147,2016-04-23,2017-04-21
U9360128,G6850372,2022-06-14,2022-11-18
U3184046,G9045360,2018-05-26,2018-10-07
U2598595,G1510963,2022-10-23,2023-04-25
U8715662,G5643811,2015-09-17,2016-07-09
U0024250,G5545913,2023-07-09,2023-12-19
U8025282,G3520218,2024-08-13,2025-07-02
U0728063,G9375999,2024-01-20,2024-03-21
U3034003,G0278233,2022-10-18,2023-06-20
U1698285,G3520218,2023-10-21,2024-05-22
U8328767,G3132592,2022-03-31,2023-03-05
U9227196,G2018684,2015-08-06,2016-03-05
U5843916,G6466892,2016-03-21,2016-10-28
U7583547,G5865195,2019-04-25,2020-04-21
U6224401,G9045360,2020-03-09,2021-03-03
U9934423,G3520218,2020-11-29,2021-08-01
U9772928,G1092313,2020-08-09,2020-10-02
U6660070,G4474292,2024-07-03,2025-04-09
U3416457,G4541547,2017-06-08,2018-03-06
U7182223,G9316726,2016-03-18,2016-06-25
U6283410,G1010909,2023-06-13,2024-03-29
U3627988,G9920427,2023-09-05,2024-08-15
U8944188,G5649480,2018-01-08,2018-04-15
U7458939,G9375999,2021-05-16,2022-03-24
U8533253,G9375999,2015-07-02,2015-10-16
U0479975,G6531680,2015-12-16,2016-12-03
U1494201,G9931877,2016-11-24,2017-08-26
U7444504,G4654312,2016-06-18,2016-10-02
U7469465,G0657807,2023-01-22,2023-08-28
U7194892,G6466892,2018-04-30,2019-03-08
U5722273,G3520218,2021-10-12,2022-07-07
U5593926,G2018684,2018-01-22,2019-01-05
U0700463,G9931877,2021-12-31,2022-08-12
U1396214,G1618731,2020-10-03,2021-01-23
U0898157,G4947802,2015-01-12,2015-06-05
U5267862,G0997350,2015-07-13,2015-09-04
U3683316,G2629582,2021-12-22,2022-06-18
U4824515,G8560623,2017-05-05,2017-07-20
U4062306,G0762428,2024-12-22,2025-02-21
U9105611,G5077864,2018-06-07,2019-04-05
U1292705,G2258837,2023-11-19,2024-02-11
U0088298,G1092313,2015-11-16,2016-02-15
U5707048,G9920427,2024-01-22,2024-08-11
U8295340,G5018498,2018-06-13,2018-08-21
U0531684,G3132592,2017-07-21,2018-04-04
U6015173,G6574300,2017-12-06,2018-04-11
U3280569,G6574300,2024-07-05,2025-04-19
U8342287,G0431450,2021-05-01,2021-10-09
U9916198,G0997350,2022-10-13,2023-03-26
