id,weight,sets,reps,workout_id,exercise_name
P5908499,90,4,12,W0866895,Battle Ropes
P7186770,60,5,12,W0866895,Overhead Tricep Extension
P7191960,95,3,15,W8149564,Dumbbell Curl
P2072711,80,2,10,W9527928,Mountain Climbers
P6897812,90,6,20,W9527928,Lunges
P1112751,110,3,15,W9527928,Kettlebell Swing
P2198416,70,2,12,W6320605,Lateral Raise
P4749905,75,4,20,W6320605,Arnold Press
P2971332,20,2,12,W9845559,Hanging Leg Raises
P3672694,65,3,10,W9845559,Barbell Curl
P5623549,25,4,12,W9845559,Russian Twists
P3006447,90,2,10,W9845559,Push-Up
P0455081,35,4,15,W9845559,Chin-Up
P0212849,20,2,12,W4620918,Squat
P5577553,45,3,15,W4620918,Hanging Leg Raises
P7437978,105,4,10,W4620918,Sit-Ups
P3698148,55,3,12,W4620918,Pull-Up
P6189486,30,3,12,W3524766,Side Plank
P5023809,30,3,10,W5851754,Incline Bench Press
P9512967,70,3,10,W9559576,Burpees
P2359058,35,2,10,W9992269,Bulgarian Split Squat
P0205525,90,3,12,W9992269,Kettlebell Swing
P6922960,50,3,12,W9992269,Hip Thrusts
P3697454,90,5,12,W9992269,Decline Bench Press
P7354307,25,3,10,W3778460,Plank
P0685505,50,4,10,W5052987,Kettlebell Swing
P8839727,30,3,15,W7837185,Russian Twists
P7875593,70,3,15,W1019389,Barbell Curl
P8184820,70,5,15,W1019389,Overhead Tricep Extension
P6305113,80,3,10,W1019389,Bench Press
P1817585,115,2,12,W1019389,Jump Rope
P4178176,105,3,10,W3651872,Front Raise
P1828271,30,3,20,W3651872,Tricep Dip
P7218919,50,3,15,W7826458,Rowing Machine
P9466110,75,5,15,W7826458,Step-Ups
P2914801,25,3,20,W7826458,Sit-Ups
P7038041,95,4,12,W5893257,Barbell Curl
P4289741,25,3,12,W5893257,Mountain Climbers
P8395979,85,3,15,W5893257,Rowing Machine
P2604271,65,3,10,W5893257,Pull-Up
P6579649,65,4,15,W5893257,Hamstring Stretch
P6019373,50,3,12,W5729193,Sumo Deadlift
P0740520,85,4,10,W5729193,Bench Press
P6236011,25,4,10,W5729193,Hamstring Stretch
P5720352,110,5,15,W4955042,Chest Fly
P6851547,100,5,12,W4955042,V-Ups
P7390553,25,4,15,W4955042,Mountain Climbers
P6416406,20,4,20,W4955042,Front Raise
P4753809,25,2,15,W4955042,Decline Bench Press
P9839500,85,5,12,W4311735,Tricep Dip
P7101040,25,3,15,W0595486,Hammer Curl
P4685559,35,3,12,W7934526,Kettlebell Swing
P6518686,115,3,15,W7934526,Bulgarian Split Squat
P6148367,55,3,12,W2620378,Plank
P5115427,95,4,10,W2205883,Burpees
P5195118,25,3,15,W2205883,Lateral Raise
P9764300,115,4,20,W5929340,Skull Crushers
P1161167,55,3,15,W5929340,Deadlift
P6809416,90,4,10,W6017160,Pull-Up
P3063960,110,5,12,W2728403,Tricep Dip
P4215108,70,4,20,W2728403,Overhead Tricep Extension
P8815910,105,3,15,W2728403,Front Squat
P0363523,25,2,20,W2728403,Mountain Climbers
P1829042,85,3,20,W2745920,Deadlift
P8035483,60,6,15,W2745920,V-Ups
P1651538,110,5,12,W2745920,Hamstring Stretch
P4650258,45,5,15,W2745920,Jump Rope
P2938489,55,3,12,W2745920,Push-Up
P7202042,55,3,10,W4604036,Chin-Up
P8906957,95,3,12,W4604036,T-Bar Row
P4392991,85,6,15,W7189139,Chest Fly
P7426206,35,3,15,W7189139,Hip Thrusts
P8500924,90,3,20,W2878265,Front Raise
P9568287,45,3,15,W2878265,Face Pulls
P8910090,85,4,15,W2878265,Battle Ropes
P5722956,115,4,12,W0157041,Side Plank
P2327408,45,3,12,W0157041,Pull-Up
P7477048,80,3,20,W0157041,Mountain Climbers
P4946062,120,5,20,W1852771,Battle Ropes
P6947547,90,2,12,W1607156,Overhead Tricep Extension
P7143783,25,2,12,W9034511,Hamstring Stretch
P8464690,100,4,15,W9034511,Decline Bench Press
P6628466,65,5,20,W9034511,Donkey Kicks
P5246555,100,3,20,W0031411,Hanging Leg Raises
P5739271,55,4,15,W0031411,Arnold Press
P2847992,115,5,15,W9960822,Leg Press
P2768054,45,3,12,W9960822,Front Raise
P2919135,55,4,15,W9960822,Deadlift
P5672007,45,4,12,W9960822,Chin-Up
P3776780,105,3,15,W0116756,Leg Press
P9913511,65,3,15,W0116756,Rowing Machine
P6646943,80,5,15,W0116756,Chin-Up
P9788594,60,5,10,W0116756,Deadlift
P1417543,65,3,15,W0116756,Pull-Up
P7903290,95,4,15,W0467063,Skull Crushers
P7747685,100,2,20,W0467063,Sit-Ups
P5625891,70,5,10,W0467063,Battle Ropes
P8229862,40,5,12,W0467063,Plank
P7876132,50,5,10,W0467063,Russian Twists
P8252437,75,5,15,W7875301,V-Ups
P3680677,100,3,15,W7875301,Decline Bench Press
P8926334,40,3,12,W7875301,V-Ups
P0063717,55,5,15,W7875301,Lunges
P4285295,65,4,15,W9828010,V-Ups
P1728770,100,3,12,W6023885,Hammer Curl
P9991738,35,3,20,W6023885,Russian Twists
P8589635,75,2,15,W6023885,Pull-Up
P5533639,95,3,12,W6023885,Burpees
P4266036,60,5,12,W6023885,Hamstring Stretch
P0276050,115,4,15,W1556960,Burpees
P8391325,85,4,15,W1556960,Overhead Press
P1332030,100,3,15,W1556960,Hip Thrusts
P8751669,55,2,12,W5095453,Sumo Deadlift
P1175452,65,5,10,W5095453,Push-Up
P4666309,60,6,10,W8614946,Hamstring Stretch
P8096207,90,3,12,W8614946,Dumbbell Curl
P2033361,90,4,20,W8614946,Push-Up
P8106768,30,4,12,W6369147,Barbell Curl
P0263777,25,4,20,W6240968,Incline Bench Press
P9853845,105,4,12,W6240968,Face Pulls
P5477891,80,2,15,W6240968,Lunges
P8766915,75,6,12,W6978016,Donkey Kicks
P4058654,75,3,15,W6978016,Lunges
P0399161,80,4,15,W6978016,Bulgarian Split Squat
P1026291,110,2,10,W6491176,Arnold Press
P6871038,60,3,12,W8985969,Overhead Tricep Extension
P9423064,95,6,10,W3126217,Jump Rope
P2930869,20,3,20,W3126217,Incline Bench Press
P1635082,95,4,20,W3126217,Sled Push
P7079946,120,4,12,W3830144,Lateral Raise
P0498016,20,3,10,W3830144,Lunges
P4806375,105,4,10,W0779733,V-Ups
P2287576,35,3,15,W0779733,Push-Up
P2694065,70,3,12,W7673326,V-Ups
P9314736,20,5,15,W7673326,Calf Raises
P6267835,100,3,12,W7673326,Overhead Press
P6887275,20,4,15,W7673326,Hamstring Stretch
P3078502,85,3,12,W7673326,Bench Press
P5342475,85,4,12,W8558834,Lateral Raise
P7780424,30,5,10,W4536141,Plank
P5654522,35,3,15,W4536141,Jumping Jacks
P6434960,120,4,15,W4536141,Overhead Press
P6692767,75,4,12,W4536141,Jump Rope
P0332437,115,3,12,W4536141,Front Raise
P5085360,100,3,15,W9568617,Sit-Ups
P1776342,25,3,12,W9568617,Bench Press
P9871854,25,3,12,W9568617,Overhead Press
P5009853,30,4,10,W9568617,Burpees
P9521262,90,4,15,W7721462,Hip Thrusts
P2692815,45,4,10,W7721462,Overhead Tricep Extension
P4120970,30,4,12,W7721462,Kettlebell Swing
P6011537,35,4,12,W6435070,Burpees
P7281320,25,3,15,W6435070,Tricep Dip
P3781157,110,3,20,W5646113,Lunges
P9567730,90,3,12,W5646113,Deadlift
P6849613,45,4,10,W5646113,Face Pulls
P3155278,95,5,12,W5646113,Side Plank
P1607681,115,3,10,W5646113,Jumping Jacks
P6762042,20,4,10,W7797575,Jumping Jacks
P7750687,30,6,12,W7445587,Deadlift
P5487222,115,3,12,W7445587,Decline Bench Press
P8961893,70,3,10,W7445587,T-Bar Row
P5061933,55,4,15,W7445587,Sit-Ups
P8944274,45,3,12,W1347880,Dumbbell Curl
P4991837,75,3,10,W5885443,Squat
P4337685,25,3,10,W5885443,Plank
P0628689,55,2,12,W2493557,Chest Fly
P4366615,40,5,12,W2493557,Calf Raises
P7064100,80,2,10,W2493557,V-Ups
P6075346,55,4,12,W2493557,Rowing Machine
P2135443,20,6,15,W2493557,Leg Press
P3731954,40,3,10,W3733908,Calf Raises
P2413824,50,4,20,W3733908,Chin-Up
P9769053,20,3,12,W5806258,Russian Twists
P0169967,25,4,10,W5806258,Incline Bench Press
P1926834,115,4,10,W5806258,Hanging Leg Raises
P4720966,35,3,10,W5806258,Pull-Up
P0604892,100,3,12,W5173679,Step-Ups
P6691054,55,4,15,W5173679,Push-Up
P0114156,50,3,12,W5173679,Arnold Press
P5157959,80,5,10,W5173679,Skull Crushers
P8956913,115,2,20,W5173679,Overhead Tricep Extension
P3807812,70,6,10,W9110342,V-Ups
P4197937,40,5,12,W9110342,T-Bar Row
P1620297,95,3,10,W9110342,V-Ups
P0699646,20,3,12,W9110342,Mountain Climbers
P7395769,50,3,15,W1181682,Overhead Tricep Extension
P9024945,80,3,15,W1181682,Sled Push
P3677131,60,3,12,W1181682,Barbell Curl
P8514871,55,5,12,W1181682,Decline Bench Press
P2200591,100,3,15,W5370767,Barbell Curl
P2833133,65,4,15,W5370767,Overhead Tricep Extension
P3157121,85,4,20,W5370767,Calf Raises
P8458545,115,3,20,W8975219,Overhead Tricep Extension
P2286239,105,3,10,W8975219,Plank
P9911977,110,5,10,W2406926,Deadlift
P1819901,50,3,10,W2406926,Leg Press
P1695896,70,3,12,W2406926,Lateral Raise
P9931445,25,4,12,W2406926,Overhead Tricep Extension
P2336852,65,5,12,W9773163,Bulgarian Split Squat
P8317805,100,3,12,W7462095,V-Ups
P2326797,85,2,15,W7462095,Hamstring Stretch
P7695039,25,4,12,W7462095,Decline Bench Press
P7627544,115,2,12,W7462095,Lunges
P4100128,85,5,10,W7462095,Side Plank
P1887354,70,5,12,W9292527,Burpees
P1167579,55,4,15,W9292527,Kettlebell Swing
P5525244,70,4,12,W9292527,Hammer Curl
P9663130,55,3,15,W9292527,V-Ups
P5037556,50,3,12,W7268146,Overhead Press
P8811890,90,3,12,W7268146,Hip Thrusts
P2734554,20,4,10,W7268146,Leg Press
P0499476,95,2,12,W0531742,Plank
P4845643,110,3,15,W0531742,Dumbbell Curl
P3511665,100,3,10,W0531742,Chest Fly
P7204855,75,3,10,W0531742,Russian Twists
P1583831,100,5,20,W0531742,Deadlift
P2225961,30,3,10,W5089822,Hip Thrusts
P5958518,85,3,12,W9137910,Leg Press
P6186685,50,4,12,W9137910,Calf Raises
P7512369,70,2,15,W2951248,Jumping Jacks
P3969097,50,2,20,W2263628,Rowing Machine
P4943225,100,4,12,W2263628,Hanging Leg Raises
P1032134,110,3,20,W2263628,Dumbbell Curl
P5362761,35,4,20,W0027184,Push-Up
P1498293,75,4,12,W0027184,Deadlift
P2628246,85,3,20,W0027184,Deadlift
P3610701,90,5,12,W0027184,Incline Bench Press
P9821706,75,4,10,W0027184,Bulgarian Split Squat
P7304850,40,3,12,W9987271,Mountain Climbers
P4459390,110,2,15,W9987271,Lunges
P3699152,25,3,12,W5435588,Overhead Tricep Extension
P9045361,65,6,12,W5435588,Calf Raises
P1087303,80,3,10,W5435588,V-Ups
P0380256,35,4,12,W6784020,Lateral Raise
P1433911,30,4,12,W6784020,Lunges
P8296620,85,3,15,W6784020,Incline Bench Press
P0337992,70,3,12,W1033743,Donkey Kicks
P8528901,115,6,10,W1033743,Hanging Leg Raises
P3633848,40,3,10,W2660980,Hip Thrusts
P3320705,35,4,10,W2660980,Kettlebell Swing
P1848829,100,3,15,W2660980,Sumo Deadlift
P8257322,115,3,12,W0089899,Donkey Kicks
P9742912,40,3,12,W0089899,Step-Ups
P3553762,110,2,10,W0089899,Pull-Up
P8435336,25,3,12,W0089899,Pull-Up
P6132662,105,3,10,W0089899,Front Raise
P0458477,40,4,10,W8088023,Tricep Dip
P6629764,40,3,15,W8088023,Barbell Curl
P3696169,110,5,15,W0976309,Side Plank
P1294861,30,4,12,W0976309,Lunges
P6884943,50,3,12,W0976309,Sit-Ups
P9731876,85,6,10,W0976309,Hamstring Stretch
P2027525,25,4,15,W3826642,Face Pulls
P2948354,45,3,15,W3826642,Face Pulls
P7295366,25,5,15,W3826642,Sumo Deadlift
P3517596,65,4,12,W3826642,Russian Twists
P6317660,25,3,12,W3826642,Kettlebell Swing
P6503588,75,2,12,W9725788,Chest Fly
P5196317,40,4,10,W9725788,Bulgarian Split Squat
P5166782,85,5,12,W9725788,Step-Ups
P9010735,115,2,15,W9725788,Barbell Curl
P1547114,75,4,20,W9725788,Leg Press
P1932261,55,4,15,W6880304,Rowing Machine
P1080532,105,3,12,W6880304,Leg Press
P0220363,90,4,20,W6880304,Burpees
P5203426,35,3,15,W6880304,Step-Ups
P2693330,30,3,10,W6013310,Jumping Jacks
P0669084,55,5,15,W6013310,Side Plank
P6136545,60,3,15,W6013310,Face Pulls
P6366142,45,4,15,W9984221,Bench Press
P2475290,20,3,10,W9984221,Dumbbell Curl
P1745678,20,4,12,W9984221,Tricep Dip
P4335669,120,3,15,W9984221,Lateral Raise
P1950144,100,5,12,W5827892,Battle Ropes
P8415380,110,3,10,W5827892,Bench Press
P1819326,95,5,20,W5827892,Donkey Kicks
P0674434,50,3,10,W5827892,Overhead Tricep Extension
P4738044,95,3,15,W5827892,Sumo Deadlift
P6718638,110,3,10,W1278378,Hamstring Stretch
P4401685,110,4,12,W1278378,Plank
P8611013,100,4,12,W1278378,Front Squat
P8122355,105,2,15,W1278378,Donkey Kicks
P1807686,50,4,12,W9242772,Push-Up
P1482499,100,2,15,W9242772,Sumo Deadlift
P3470993,40,4,10,W9242772,Dumbbell Curl
P7727245,30,2,10,W9242772,Leg Press
P3061659,90,3,12,W9840374,Bulgarian Split Squat
P6542847,80,4,15,W9840374,Plank
P1690830,105,4,12,W9840374,Push-Up
P4960179,65,5,12,W9840374,Overhead Press
P6244370,50,4,10,W6413240,Bench Press
P8069188,115,3,10,W6413240,Deadlift
P4478112,95,6,10,W6413240,Chest Fly
P3256979,30,4,15,W1114720,Barbell Curl
P9750462,110,3,15,W1114720,Front Raise
P0710256,60,3,12,W1114720,Rowing Machine
P7420988,20,6,15,W1114720,Burpees
P4868910,55,3,10,W1114720,Barbell Curl
P3114584,115,4,10,W4034094,Bulgarian Split Squat
P9521481,45,3,20,W4034094,Incline Bench Press
P0069212,20,3,12,W4034094,Sled Push
P6758317,110,3,12,W0206304,Lunges
P7381825,85,4,15,W5886937,Leg Press
P7297059,55,4,15,W5886937,Hamstring Stretch
P5715856,35,5,12,W8627674,Arnold Press
P7987627,70,5,20,W8627674,Sled Push
P4783478,100,3,10,W8627674,Donkey Kicks
P2891762,65,6,10,W8627674,Russian Twists
P0074659,105,3,12,W9787754,Russian Twists
P2033310,95,3,10,W9787754,Hanging Leg Raises
P1217735,90,3,12,W9787754,Calf Raises
P1227043,70,3,12,W9787754,V-Ups
P8683661,100,3,12,W2364164,Plank
P6530558,65,4,10,W2364164,Hamstring Stretch
P0906660,40,4,20,W2364164,Incline Bench Press
P1517879,85,5,15,W2364164,Jump Rope
P8358143,90,5,12,W2364164,Pull-Up
P7003836,80,4,12,W6871283,Chest Fly
P1608761,35,4,20,W6871283,Push-Up
P7004333,30,4,15,W6871283,Hanging Leg Raises
P8444799,50,3,12,W6871283,Rowing Machine
P4654928,100,3,10,W3831245,Front Raise
P0751245,100,3,12,W3831245,Step-Ups
P4391731,25,2,12,W3831245,Step-Ups
P2656341,55,5,20,W3769570,Battle Ropes
P9447875,70,3,10,W0013107,Russian Twists
P4609084,65,3,10,W0013107,Hamstring Stretch
P3207839,105,4,12,W0013107,Russian Twists
P0559667,25,4,12,W4167612,Jump Rope
P9975737,85,3,15,W4167612,Lateral Raise
P2404555,40,4,15,W2242281,Bulgarian Split Squat
P7997396,20,4,12,W2242281,Tricep Dip
P3831260,95,4,20,W2242281,Hammer Curl
P4078640,30,4,20,W2242281,Hammer Curl
P9811148,50,6,15,W9227838,Face Pulls
P4945268,115,3,10,W9227838,Kettlebell Swing
P7127401,95,3,20,W9227838,Sled Push
P2301458,80,3,12,W7804764,Burpees
P0978168,110,3,12,W7804764,Bench Press
P7685845,25,3,15,W8610571,Lateral Raise
P7001611,40,3,12,W8610571,Overhead Press
P3971233,110,3,15,W8610571,Bulgarian Split Squat
P9095378,65,4,12,W7533213,Jump Rope
P7052018,30,4,12,W9286746,Overhead Tricep Extension
P7179199,40,3,12,W0962389,Burpees
P1188992,50,5,15,W0962389,Bench Press
P1869865,115,3,15,W0962389,Hammer Curl
P9209962,95,5,12,W4619061,Bench Press
P0815987,40,4,12,W2225591,Jump Rope
P5662437,110,6,20,W2225591,Kettlebell Swing
P7279266,90,3,15,W2225591,Overhead Press
P3087149,90,5,10,W2225591,T-Bar Row
P1086821,45,2,10,W2225591,Hip Thrusts
P8604312,90,2,10,W7803548,Overhead Press
P7980901,105,3,10,W0690285,Kettlebell Swing
P9455546,65,3,10,W2711807,Jump Rope
P2361506,40,4,12,W2711807,Chin-Up
P2620869,20,5,12,W2711807,Dumbbell Curl
P2375441,25,4,12,W2711807,Front Squat
P8584651,25,5,10,W8402654,Dumbbell Curl
P5460018,100,4,10,W8402654,Step-Ups
P8399146,75,4,12,W8402654,Overhead Tricep Extension
P3012248,120,4,10,W8402654,Step-Ups
P1183311,90,2,10,W6443912,V-Ups
P1911303,55,3,10,W2761335,Leg Press
P1579569,75,3,12,W2761335,Sled Push
P3339619,70,3,15,W7064738,Step-Ups
P2500623,100,4,20,W7064738,Deadlift
P5111593,115,4,15,W7064738,Pull-Up
P7354992,30,3,12,W1120308,Lateral Raise
P3225112,20,4,10,W1120308,Squat
P6055079,110,4,10,W1120308,Overhead Press
P8828078,110,4,15,W1120308,Plank
P2421880,70,4,12,W1120308,Front Squat
P6265760,85,3,12,W2298554,Donkey Kicks
P5544827,30,2,15,W8614711,Step-Ups
P0099363,115,2,15,W8614711,Arnold Press
P2770151,95,4,12,W8614711,Front Raise
P3220721,25,3,10,W8614711,Barbell Curl
P9449562,25,2,15,W8211688,Battle Ropes
P8201376,105,3,15,W0205132,Hip Thrusts
P0315547,100,3,10,W0205132,Overhead Press
P3004787,70,3,15,W0205132,Skull Crushers
P3671114,85,4,10,W0205132,Mountain Climbers
P5770637,55,4,10,W2106680,Kettlebell Swing
P2931907,50,3,10,W8391257,Burpees
P6102992,50,3,12,W8391257,Face Pulls
P2230612,20,3,10,W2452058,Russian Twists
P6420257,40,5,20,W8460633,Hip Thrusts
P2024384,80,2,12,W8460633,Lunges
P4426540,95,3,10,W8460633,Tricep Dip
P6425835,90,2,10,W8460633,Hip Thrusts
P7744356,115,3,20,W5905138,Overhead Press
P0302100,60,3,10,W5905138,T-Bar Row
P6261948,85,4,12,W5905138,Jump Rope
P5810578,30,3,10,W5905138,Bulgarian Split Squat
P6180289,95,6,12,W6525614,Pull-Up
P4313835,115,2,20,W6525614,Tricep Dip
P8868179,20,4,10,W6525614,Face Pulls
P5410008,20,3,12,W6525614,Chin-Up
P4719985,35,4,15,W4640755,Overhead Press
P7520816,60,4,12,W2959133,Deadlift
P4562854,25,2,15,W2959133,Plank
P4472002,30,4,15,W2959133,Decline Bench Press
P1472805,105,3,15,W2959133,Sit-Ups
P6534969,60,3,20,W3090086,Face Pulls
P0123473,80,4,12,W3090086,Chest Fly
P2123460,25,3,15,W4472105,Chin-Up
P6451661,90,4,12,W4472105,Russian Twists
P6292197,100,4,20,W4472105,Russian Twists
P6233039,25,4,20,W4472105,T-Bar Row
P8689154,115,3,12,W4472105,Front Raise
P8682130,95,5,12,W8021840,Tricep Dip
P6678320,100,3,15,W8021840,Donkey Kicks
P0837482,95,3,10,W8021840,Front Raise
P5918433,25,3,15,W8021840,Battle Ropes
P6920476,90,4,15,W8021840,Barbell Curl
P2850724,115,3,12,W6688975,Bench Press
P0458994,115,5,20,W6688975,Plank
P6579374,30,3,15,W6688975,Dumbbell Curl
P6498328,80,4,12,W5187706,Side Plank
P5249357,90,4,12,W5187706,Incline Bench Press
P3290874,115,4,12,W5187706,Side Plank
P3564903,90,4,10,W5187706,Sled Push
P0164906,85,3,15,W5187706,Battle Ropes
P4493152,90,5,12,W3855759,Sled Push
P2317598,85,5,20,W3855759,Pull-Up
P5828253,90,3,12,W3855759,Decline Bench Press
P0719860,25,3,20,W3855759,Tricep Dip
P3638031,45,3,15,W3855759,Leg Press
P3507700,30,3,10,W8898421,Decline Bench Press
P3958857,80,2,12,W8898421,Leg Press
P2209122,100,4,10,W8898421,Donkey Kicks
P9669675,30,3,15,W8898421,Sled Push
P7181966,75,3,12,W4086330,Overhead Press
P8009089,20,3,12,W4086330,Incline Bench Press
P4050168,100,5,10,W4086330,Barbell Curl
P8910541,90,5,10,W4086330,Hanging Leg Raises
P2960959,40,3,12,W4086330,Tricep Dip
P0518588,95,3,12,W9801720,Pull-Up
P7222593,55,2,15,W9801720,Side Plank
P7851276,65,3,15,W9801720,Chin-Up
P8961691,45,3,10,W9801720,Lateral Raise
P0957512,70,4,12,W9801720,Plank
P4917885,70,2,12,W5699193,Decline Bench Press
P1987108,25,3,10,W5699193,V-Ups
P2610026,35,3,12,W5699193,Overhead Tricep Extension
P0660736,105,3,10,W4044514,Tricep Dip
P3898040,115,2,12,W4044514,Jump Rope
P5821141,65,4,15,W4044514,Donkey Kicks
P2702728,95,3,10,W2240309,Calf Raises
P3211104,100,5,15,W0078998,Sit-Ups
P6251167,45,3,12,W0078998,Battle Ropes
P3590314,75,3,12,W0582820,Chest Fly
P8953570,50,2,12,W6592882,Decline Bench Press
P9089214,80,5,15,W6592882,Sit-Ups
P9491518,75,2,15,W6592882,Incline Bench Press
P6061018,95,3,10,W3399992,Front Squat
P5668881,70,4,15,W3399992,Face Pulls
P4425949,55,3,15,W3399992,Push-Up
P1770106,65,4,12,W3399992,Kettlebell Swing
P2916504,95,4,10,W3399992,Battle Ropes
P0919406,115,6,15,W8844662,Squat
P6409323,65,3,10,W8844662,Jump Rope
P8937565,80,4,10,W8844662,Jump Rope
P5942677,25,3,12,W8844662,Tricep Dip
P3052892,85,2,15,W9343337,Bulgarian Split Squat
P2626467,70,3,10,W9343337,Barbell Curl
P6608552,25,3,10,W9343337,Pull-Up
P0120026,25,6,15,W9343337,Step-Ups
P3090224,35,3,15,W9343337,Sit-Ups
P8664427,60,5,10,W5207949,V-Ups
P1295461,60,5,10,W0926489,Face Pulls
P9610758,100,5,12,W0926489,Burpees
P3006387,40,4,10,W0926489,Jump Rope
P2321523,60,3,15,W0926489,Plank
P3558638,50,4,15,W0926489,Bulgarian Split Squat
P5984407,105,3,15,W1900590,Bulgarian Split Squat
P6716303,55,3,12,W1900590,Front Raise
P7228560,85,4,15,W1900590,Chin-Up
P6709974,75,6,12,W6429364,Hip Thrusts
P2290517,40,4,12,W6429364,Deadlift
P4351861,25,4,12,W6429364,Sumo Deadlift
P2545552,50,4,12,W6429364,Dumbbell Curl
P7854663,40,3,15,W7100184,Plank
P7985556,70,4,12,W7100184,Front Squat
P7023110,60,3,20,W7100184,Bulgarian Split Squat
P8146119,50,6,12,W7100184,Rowing Machine
P8174541,115,5,20,W7100184,Hanging Leg Raises
P6366364,55,3,10,W1646804,Step-Ups
P4997888,55,5,10,W3120890,Lunges
P4746116,65,5,15,W9126989,Pull-Up
P4093406,95,3,20,W9126989,Battle Ropes
P2400137,45,6,10,W1228397,Hip Thrusts
P5340957,70,3,12,W1228397,Jump Rope
P4575256,85,3,12,W7308949,Pull-Up
P7149950,45,5,10,W7308949,V-Ups
P8466007,55,3,15,W6476350,Leg Press
P1749348,25,4,15,W6476350,Lunges
P3441614,70,4,15,W6476350,Pull-Up
P7952612,95,5,12,W6476350,Pull-Up
P1762541,75,3,12,W9916759,Plank
P0982751,60,5,12,W9916759,Arnold Press
P6037669,55,4,12,W9916759,Chin-Up
P3602388,65,3,10,W9916759,Hamstring Stretch
P5623750,100,6,12,W5185240,Lunges
P9336867,20,3,12,W5185240,Rowing Machine
P5170407,30,3,15,W5185240,Lunges
P7816829,95,3,10,W2902941,Bench Press
P3413040,90,5,12,W2902941,Bench Press
P8841098,110,5,15,W2902941,Side Plank
P2833463,90,4,10,W2238194,Decline Bench Press
P3424623,115,3,12,W2238194,Sumo Deadlift
P5083282,90,3,15,W2238194,Deadlift
P9763905,35,3,20,W2238194,Hip Thrusts
P3163442,80,3,20,W8409281,Step-Ups
P1685586,95,4,10,W8409281,Decline Bench Press
P9443456,25,4,12,W8645566,Arnold Press
P6263973,110,3,10,W8645566,Arnold Press
P9662722,20,3,15,W8645566,Hammer Curl
P7359089,105,3,15,W9084651,Burpees
P1607547,90,3,10,W9084651,Squat
P6022940,95,4,20,W9084651,Battle Ropes
P0043555,25,3,10,W9084651,Hanging Leg Raises
P9107700,70,5,12,W9084651,Hamstring Stretch
P6565716,70,3,10,W4758929,Push-Up
P0375396,90,3,15,W4758929,Rowing Machine
P3481836,70,3,12,W3341244,Tricep Dip
P2139617,30,4,12,W0130684,Overhead Tricep Extension
P6192275,60,3,15,W0130684,Donkey Kicks
P1073118,40,4,12,W0130684,Bench Press
P6192250,20,2,12,W0130684,Hanging Leg Raises
P4342639,65,3,15,W4566902,Lateral Raise
P6535247,105,4,20,W4566902,Sit-Ups
P5850621,80,2,15,W4566902,Overhead Tricep Extension
P8776836,115,3,12,W4566902,Calf Raises
P9256157,100,4,15,W6155343,Skull Crushers
P8024620,100,4,12,W6155343,Lateral Raise
P1399629,115,6,10,W6155343,Front Raise
P5994695,45,4,12,W6155343,Step-Ups
P1943454,110,2,10,W9629049,Hip Thrusts
P3355136,55,4,12,W9629049,Donkey Kicks
P9533527,40,5,12,W9629049,Dumbbell Curl
P8004510,110,6,15,W9629049,Battle Ropes
P3734624,40,3,15,W9629049,Decline Bench Press
P7564350,115,3,10,W9174763,Calf Raises
P4224029,70,4,15,W1123741,Step-Ups
P8278497,30,4,10,W1123741,Barbell Curl
P6888204,25,5,15,W1123741,Sled Push
P8546371,40,3,12,W1123741,Step-Ups
P6243372,80,3,15,W1123741,Plank
P5024162,105,4,15,W3731954,Front Squat
P4077629,55,3,10,W3731954,Leg Press
P9036413,50,2,12,W3731954,Side Plank
P3122432,70,4,12,W9641013,Mountain Climbers
P3349064,30,2,10,W7732207,Side Plank
P6364109,50,5,15,W7732207,Arnold Press
P8729813,105,5,12,W7732207,Sumo Deadlift
P5161153,20,4,10,W9923016,Russian Twists
P0647282,45,3,12,W9923016,Hip Thrusts
P5383750,30,3,12,W9923016,Bench Press
P5457449,110,3,15,W3969315,Front Squat
P3303186,50,2,15,W3969315,Burpees
P1436525,75,3,12,W3969315,Jump Rope
P4669591,70,6,15,W3969315,Dumbbell Curl
P2513688,55,3,10,W4147517,Hip Thrusts
P8321560,45,2,10,W4147517,Plank
P4466181,100,3,20,W4147517,Lunges
P3219645,105,4,12,W8010245,Lunges
P6884001,60,3,10,W8010245,Overhead Tricep Extension
P5213887,115,3,12,W8010245,Kettlebell Swing
P6467593,25,4,12,W8010245,Hanging Leg Raises
P6281864,65,3,10,W6989166,Russian Twists
P0136038,105,3,10,W6989166,Burpees
P2440848,35,4,15,W6989166,Hamstring Stretch
P3329347,115,5,12,W5904164,Sled Push
P9786794,55,4,10,W3140832,Overhead Tricep Extension
P4882893,20,4,15,W7775411,Side Plank
P6606742,55,4,10,W7775411,T-Bar Row
P4635645,65,5,15,W7775411,Push-Up
P5080709,75,3,12,W7775411,Skull Crushers
P8798375,85,3,10,W7760265,Sit-Ups
P8442805,35,6,12,W7350392,Decline Bench Press
P3507412,50,3,15,W7350392,Bulgarian Split Squat
P6927430,35,4,15,W7350392,Chin-Up
P4304487,20,5,20,W7350392,Skull Crushers
P7042308,30,4,12,W3938393,Lateral Raise
P8269459,20,3,15,W3938393,Front Squat
P7933264,115,2,15,W7775883,Battle Ropes
P9563397,80,3,12,W7775883,Pull-Up
P9829422,50,5,12,W7775883,Kettlebell Swing
P3857926,35,3,12,W7775883,Kettlebell Swing
P8912376,60,3,20,W6532412,Burpees
P1471978,20,5,12,W6532412,Deadlift
P4012787,90,2,10,W6254898,Front Squat
P7851183,110,6,12,W6254898,V-Ups
P8952435,25,3,12,W6254898,Decline Bench Press
P4548899,35,4,12,W6254898,Step-Ups
P0016239,110,3,10,W1043614,Hamstring Stretch
P1055954,75,3,12,W1043614,Deadlift
P6085825,100,4,15,W1043614,Skull Crushers
P7564700,70,4,15,W1043614,Burpees
P9737924,80,3,15,W1043614,Hanging Leg Raises
P2572023,55,3,15,W3326536,Incline Bench Press
P8125259,20,4,10,W3326536,Overhead Press
P8908181,25,3,12,W3326536,T-Bar Row
P7034507,40,3,15,W3326536,Skull Crushers
P2058927,30,3,12,W3326536,T-Bar Row
P4903466,55,3,12,W7559417,Front Squat
P5816283,100,4,15,W7559417,Push-Up
P6270067,30,4,10,W7257629,Burpees
P8324292,25,4,10,W7257629,Hamstring Stretch
P3936664,100,3,12,W7257629,T-Bar Row
P5214840,80,3,12,W4135893,Front Squat
P7219074,90,4,15,W4135893,Squat
P7437182,60,4,10,W8017963,Step-Ups
P1428529,80,4,12,W8017963,Rowing Machine
P9223621,25,4,12,W8017963,Front Raise
P6643667,105,3,15,W8017963,Jump Rope
P1518019,30,5,15,W8017963,Russian Twists
P5309095,45,4,12,W0275635,Lunges
P7634655,115,3,20,W0275635,Bench Press
P3584667,20,3,15,W0275635,Rowing Machine
P6777410,55,3,15,W8037839,Sled Push
P9241530,85,3,15,W4174869,Burpees
P2802666,60,5,10,W4174869,Squat
P7631605,40,3,15,W4174869,Hip Thrusts
P2082986,80,2,15,W4174869,Overhead Tricep Extension
P8194991,60,5,12,W4919371,Battle Ropes
P3470510,60,4,12,W4919371,Push-Up
P1240867,55,5,12,W4919371,Arnold Press
P0646664,45,2,10,W4919371,Jumping Jacks
P9735496,30,4,10,W4919371,Face Pulls
P1627306,85,4,10,W5124543,Front Squat
P2181165,65,2,15,W5124543,Front Squat
P1057659,55,5,12,W5124543,Deadlift
P7705705,95,4,12,W8082241,Side Plank
P0745370,35,3,12,W8082241,Overhead Press
P2923588,100,4,12,W8082241,Dumbbell Curl
P5792230,95,6,20,W8082241,Rowing Machine
P4192001,55,3,10,W4161241,Kettlebell Swing
P9787449,60,3,15,W4161241,Mountain Climbers
P3690338,55,3,12,W4161241,Plank
P4712928,110,5,12,W4161241,Rowing Machine
P6818218,80,4,15,W9234099,Donkey Kicks
P4966410,60,4,15,W9234099,Lateral Raise
P3828553,100,3,12,W9234099,V-Ups
P7958901,110,3,12,W9234099,Plank
P8307485,45,2,12,W7272096,Overhead Tricep Extension
P7075679,95,4,12,W7272096,Hip Thrusts
P5944299,20,3,10,W1471676,Push-Up
P4188745,115,4,12,W5605953,Hammer Curl
P4579100,20,4,15,W5605953,Chest Fly
P2882277,75,3,10,W5605953,Bulgarian Split Squat
P2741031,65,4,12,W5605953,Burpees
P5237549,90,4,12,W5605953,Rowing Machine
P7758525,40,4,15,W2686904,Donkey Kicks
P2576973,30,3,15,W2686904,Mountain Climbers
P5244999,105,3,15,W2686904,T-Bar Row
P4587743,30,3,20,W2686904,Mountain Climbers
P4223118,50,3,15,W8425169,Bench Press
P5526562,45,3,12,W8425169,Barbell Curl
P5254977,55,6,10,W8425169,Push-Up
P2013341,105,4,15,W2761800,Jumping Jacks
P2188721,55,3,15,W2761800,Lunges
P8233035,20,3,10,W6463312,Decline Bench Press
P4602477,100,5,12,W6463312,Lateral Raise
P8205198,75,3,10,W9199618,Arnold Press
P6998040,45,4,15,W9199618,Chin-Up
P9032147,70,3,15,W5097459,Push-Up
P2865450,60,4,12,W1581574,Skull Crushers
P0838229,105,4,15,W9265476,Barbell Curl
P1912068,35,4,15,W9265476,Bench Press
P9845206,25,5,10,W9265476,Donkey Kicks
P2004340,45,2,15,W9265476,Leg Press
P8299774,20,4,15,W9265476,Barbell Curl
P3801863,55,6,12,W6097106,Mountain Climbers
P7510809,110,3,12,W6097106,Side Plank
P5997101,50,4,12,W6097106,Step-Ups
P3730122,80,2,15,W6097106,Barbell Curl
P8966423,50,5,15,W6097106,Sled Push
P4993305,35,3,12,W9787695,Chest Fly
P9279221,70,5,20,W9787695,Decline Bench Press
P1409783,30,4,12,W9787695,Jump Rope
P0151703,80,4,15,W0797709,Battle Ropes
P5219827,55,2,12,W0797709,Leg Press
P8580214,110,3,20,W0797709,Plank
P4983872,45,4,12,W0797709,Battle Ropes
P3144118,80,2,15,W0797709,Jump Rope
P1709799,90,2,10,W5219115,Push-Up
P5167265,30,6,12,W5219115,Hammer Curl
P9194641,60,6,15,W0611718,Pull-Up
P8707211,40,5,15,W2501143,Bulgarian Split Squat
P9507515,75,6,10,W2501143,Hamstring Stretch
P3756204,20,5,10,W2501143,Dumbbell Curl
P4886021,20,4,12,W8656099,Burpees
P6775962,95,3,15,W1355092,Donkey Kicks
P5261567,80,4,10,W1355092,Barbell Curl
P0341607,90,2,10,W1355092,Battle Ropes
P2688596,95,4,10,W1355092,Russian Twists
P4532919,105,5,15,W4056234,Sit-Ups
P0644274,105,3,12,W4056234,Hamstring Stretch
P6137040,60,3,10,W4056234,Jump Rope
P7351271,80,3,20,W4056234,Mountain Climbers
P4356222,115,4,15,W1771416,T-Bar Row
P1434148,75,3,12,W1771416,Pull-Up
P0452226,65,3,12,W1722322,Calf Raises
P1511294,105,4,12,W1722322,Squat
P1483431,85,3,15,W4428591,Side Plank
P9298430,90,3,15,W4428591,Jumping Jacks
P8303695,50,5,15,W1643392,Leg Press
P4415738,30,6,10,W1643392,Bench Press
P3013543,70,5,12,W1643392,Overhead Press
P3831333,20,3,15,W5137623,Pull-Up
P0410535,20,3,20,W5137623,Barbell Curl
P5759535,60,3,10,W5137623,Side Plank
P3957625,35,3,10,W2004839,Leg Press
P5215717,85,4,12,W2004839,Leg Press
P1045056,65,4,12,W1964944,Front Squat
P1724280,90,6,10,W1964944,Chin-Up
P2607855,45,4,15,W1964944,Dumbbell Curl
P0402637,60,3,10,W1964944,Sumo Deadlift
P5835113,45,4,20,W1964944,Sumo Deadlift
P7303653,100,3,20,W4758971,Skull Crushers
P6145477,115,2,10,W4758971,Calf Raises
P0643214,100,3,15,W4758971,Kettlebell Swing
P7275443,20,3,12,W4758971,Bulgarian Split Squat
P6396729,55,3,15,W4758971,Rowing Machine
P9517178,85,6,20,W9017366,Overhead Tricep Extension
P4248243,20,3,12,W2508200,Russian Twists
P0585929,50,3,12,W2508200,Decline Bench Press
P4640559,50,3,20,W2508200,Sit-Ups
P6036755,100,3,12,W7094546,T-Bar Row
P6627950,20,4,20,W7094546,Battle Ropes
P1147154,100,5,10,W7094546,Arnold Press
P6326580,55,5,20,W7094546,Sit-Ups
P4849508,45,5,10,W5975500,Jumping Jacks
P3654028,80,4,15,W5975500,Barbell Curl
P1530031,40,3,12,W5975500,Battle Ropes
P6872507,55,3,20,W5975500,T-Bar Row
P4356514,115,5,15,W5975500,Step-Ups
P8641346,30,2,15,W5295569,Sled Push
P7174015,40,3,15,W5295569,Side Plank
P2455876,50,4,10,W5295569,Overhead Press
P0513901,65,3,15,W1986879,Sit-Ups
P2623095,40,3,20,W1986879,Jump Rope
P8680527,115,5,12,W3638200,Bulgarian Split Squat
P8785964,50,4,10,W3638200,Plank
P5347026,25,4,10,W2812603,Hip Thrusts
P2791806,30,4,12,W2812603,T-Bar Row
P7309711,75,4,12,W2812603,Jump Rope
P4116718,70,6,15,W2812603,Face Pulls
P0966213,75,4,12,W9388712,T-Bar Row
P4911922,50,2,12,W9388712,Jumping Jacks
P6283789,90,3,15,W9388712,Bulgarian Split Squat
P6518504,95,3,15,W3178426,Incline Bench Press
P5845695,45,4,12,W3178426,Incline Bench Press
P1193816,80,5,15,W3178426,Hamstring Stretch
P1271709,75,4,20,W7193266,V-Ups
P3772743,60,2,10,W7193266,Battle Ropes
P6631405,25,5,20,W7193266,Squat
P5723535,65,4,12,W7193266,Skull Crushers
P3382614,75,4,15,W9212663,T-Bar Row
P5057858,40,5,10,W9212663,Push-Up
P9076164,100,5,12,W9212663,Lunges
P6350587,70,2,12,W9212663,Front Squat
P2685568,45,2,15,W9212663,Front Raise
P1604510,45,2,12,W6195167,Hamstring Stretch
P1309372,75,3,15,W6195167,Skull Crushers
P8985630,90,3,10,W6195167,Lunges
P3888947,85,5,10,W6195167,Skull Crushers
P6342464,90,3,10,W6195167,Push-Up
P3117635,35,2,10,W7844510,Pull-Up
P8408639,85,2,12,W7844510,Front Squat
P5671581,30,4,12,W2175655,Sit-Ups
P1878032,20,2,20,W2175655,Hip Thrusts
P3749038,40,2,20,W2175655,Plank
P0774812,25,6,15,W2175655,Hammer Curl
P0919030,70,4,12,W0180408,Jumping Jacks
P0790108,55,4,12,W0180408,Tricep Dip
P6185340,65,4,10,W9660326,Side Plank
P3534173,90,5,15,W9660326,Incline Bench Press
P3064201,90,4,10,W2768855,Step-Ups
P3849929,50,3,10,W9597319,Jumping Jacks
P0403337,100,3,15,W9597319,Russian Twists
P8532769,70,5,10,W9597319,Hammer Curl
P2846769,120,3,10,W0598131,Battle Ropes
P8944732,100,4,10,W2348731,Bulgarian Split Squat
P2858903,85,5,12,W2348731,Sit-Ups
P6714560,25,3,10,W2348731,V-Ups
P1902971,75,3,12,W3599856,Lunges
P4562048,90,4,12,W3599856,Leg Press
P5643870,90,3,12,W3599856,Arnold Press
P7253056,115,3,12,W3599856,Face Pulls
P0471987,105,4,10,W9905584,Hamstring Stretch
P3563797,65,6,12,W9905584,Decline Bench Press
P0577176,95,3,15,W6557137,Overhead Tricep Extension
P1093264,30,4,10,W8563362,Sumo Deadlift
P8620429,40,3,10,W5492908,Overhead Press
P8681185,40,3,10,W5492908,Rowing Machine
P7929535,65,3,20,W2044960,Plank
P7073600,30,3,15,W2044960,Push-Up
P1386189,90,4,15,W6136864,Sumo Deadlift
P7896170,95,2,20,W6136864,Lateral Raise
P1001678,80,4,12,W3765749,T-Bar Row
P2739284,105,5,15,W3765749,Front Squat
P7604212,60,4,15,W3765749,Decline Bench Press
P2009820,80,5,12,W3765749,Burpees
P8222176,20,5,12,W1267039,Dumbbell Curl
P9566595,105,6,12,W1267039,Pull-Up
P6681881,40,6,10,W1267039,Battle Ropes
P2030166,20,3,10,W1267039,Lateral Raise
P1002786,70,3,12,W6328807,Battle Ropes
P0280115,110,4,10,W6328807,Squat
P5627176,100,6,15,W6328807,Hanging Leg Raises
P3122553,45,5,15,W6328807,Chest Fly
P4373402,25,5,15,W8104424,Side Plank
P8617451,20,4,10,W8104424,Plank
P6614347,95,3,15,W8104424,Incline Bench Press
P4590828,30,4,15,W8104424,Squat
P1621053,60,4,20,W9992155,Burpees
P7295933,60,4,12,W9992155,Hammer Curl
P5892694,80,2,12,W9992155,Kettlebell Swing
P1407349,75,5,15,W9992155,Chest Fly
P9759138,25,2,15,W4972235,Arnold Press
P7095466,50,3,10,W4972235,Leg Press
P6224661,65,3,10,W4972235,Barbell Curl
P8093097,115,3,15,W4972235,Chin-Up
P4947101,35,4,10,W4972235,Rowing Machine
P6235375,115,3,20,W6471310,V-Ups
P0817039,95,4,20,W6471310,Face Pulls
P6978899,45,5,20,W8324098,Step-Ups
P1961566,90,2,10,W8324098,Bench Press
P0804635,20,2,10,W8324098,V-Ups
P3522158,105,5,12,W8324098,Step-Ups
P8029125,40,3,12,W8324098,Rowing Machine
P4974389,40,2,15,W1152259,Jump Rope
P5883074,115,4,10,W1152259,Barbell Curl
P1800598,70,3,12,W1679270,Arnold Press
P6304759,85,3,12,W1679270,Hammer Curl
P3474177,85,3,12,W1679270,Push-Up
P4923715,95,5,12,W1679270,Front Raise
P5543000,45,3,12,W7201423,Overhead Tricep Extension
P7357692,50,2,15,W7201423,Plank
P5828517,95,5,20,W7201423,Mountain Climbers
P7424013,110,4,12,W7201423,Rowing Machine
P3456589,55,4,12,W6502317,Barbell Curl
P1457981,50,3,20,W9853006,Hammer Curl
P3341905,110,3,12,W9853006,Kettlebell Swing
P2315105,65,3,12,W9853006,Push-Up
P8963174,75,3,15,W9853006,Kettlebell Swing
P0193185,45,2,20,W9811888,Incline Bench Press
P1584881,45,3,20,W9811888,Squat
P6955904,115,4,12,W9811888,Push-Up
P9402962,100,2,10,W9811888,Decline Bench Press
P6445863,90,4,10,W9811888,Decline Bench Press
P5397174,30,4,12,W9738803,Sit-Ups
P2085936,100,6,15,W7722907,Jump Rope
P6009597,80,3,20,W4414111,Pull-Up
P2640199,50,4,20,W4414111,Chest Fly
P8334422,40,3,12,W4414111,Battle Ropes
P0551231,90,4,12,W4414111,Plank
P5546789,30,3,12,W9869665,Overhead Press
P6405209,35,4,10,W8273986,Barbell Curl
P8295301,65,2,10,W6112950,Tricep Dip
P1924964,60,3,10,W2405481,Leg Press
P2163061,110,4,12,W2405481,Mountain Climbers
P1590063,55,3,10,W7769118,Incline Bench Press
P4630516,65,2,10,W7769118,Jump Rope
P4101863,55,2,10,W7769118,Mountain Climbers
P9266865,35,2,12,W3294109,Squat
P6628375,115,5,20,W3294109,Sumo Deadlift
P0799456,20,4,12,W6278030,Donkey Kicks
P8204850,35,5,12,W6278030,Lunges
P8634965,115,2,10,W6278030,Squat
P3899912,25,3,12,W5459356,Squat
P0650275,30,4,15,W1070749,Lunges
P6455790,45,4,10,W1070749,Incline Bench Press
P6692168,110,6,20,W1289642,Hip Thrusts
P9114239,85,4,20,W1289642,Leg Press
P4874655,55,6,12,W1289642,Arnold Press
P9018716,115,3,12,W8854042,Bench Press
P2971305,85,5,12,W4383082,Face Pulls
P2634331,75,6,20,W4383082,Barbell Curl
P5237937,75,3,10,W4383082,Lateral Raise
P3798395,20,4,10,W7453581,Overhead Tricep Extension
P7459366,50,4,12,W7453581,Bench Press
P5148120,65,4,12,W7453581,Sumo Deadlift
P7616346,25,6,12,W7453581,Hamstring Stretch
P7711927,55,5,10,W7453581,Mountain Climbers
P8520410,45,6,12,W3284414,Chest Fly
P2833482,90,4,12,W3284414,Overhead Press
P7901998,70,2,15,W3284414,Incline Bench Press
P9098541,85,3,12,W3855854,Side Plank
P2465497,75,5,10,W3855854,Overhead Tricep Extension
P4967256,95,4,12,W3855854,Hammer Curl
P8276720,60,3,10,W3855854,Chin-Up
P9649083,95,5,10,W3855854,Deadlift
P1116845,90,6,12,W8340291,Arnold Press
P0895771,85,2,15,W8340291,Sled Push
P6112962,95,4,12,W8236992,Step-Ups
P9667392,25,4,12,W8236992,Burpees
P1432431,20,4,15,W8236992,Plank
P2596811,45,5,12,W2101133,Bench Press
P6836371,45,3,10,W2101133,Burpees
P4121781,95,3,10,W2101133,Bulgarian Split Squat
P2552964,45,3,20,W7351555,Face Pulls
P0198510,40,4,12,W7351555,Jump Rope
P3521088,40,3,10,W7351555,Jumping Jacks
P2080496,105,4,15,W7351555,Arnold Press
P7490422,65,4,10,W7351555,Incline Bench Press
P6369564,60,3,15,W8202232,Pull-Up
P6026699,115,4,20,W8202232,Burpees
P7986033,70,5,10,W1822144,Calf Raises
P8540279,70,2,20,W1822144,Rowing Machine
P9906448,30,2,20,W1822144,Jump Rope
P2481673,25,4,12,W1822144,Calf Raises
P0819268,80,3,10,W6536082,Hamstring Stretch
P9154316,115,4,15,W6536082,T-Bar Row
P8430720,115,4,12,W8804184,Decline Bench Press
P3086161,45,5,12,W8804184,Calf Raises
P8400930,75,3,12,W8804184,Arnold Press
P0909602,60,5,12,W0130206,Rowing Machine
P4534506,95,3,10,W0130206,Chest Fly
P4404648,65,3,12,W0130206,Tricep Dip
P5588067,35,3,20,W4892047,Sumo Deadlift
P5277900,40,3,12,W4892047,Deadlift
P2990402,50,5,10,W4892047,Hamstring Stretch
P0454851,115,4,10,W4892047,Face Pulls
P1094663,20,5,12,W4892047,Jumping Jacks
P0982505,90,4,12,W3072363,Kettlebell Swing
P2713074,25,4,12,W2642895,Overhead Tricep Extension
P2277129,110,4,12,W2642895,Barbell Curl
P6317126,110,4,12,W2642895,Lunges
P4768205,40,3,15,W9449640,Dumbbell Curl
P9495281,105,2,15,W9449640,Arnold Press
P1138661,105,4,20,W9449640,Hamstring Stretch
P1941028,105,3,15,W1611437,Arnold Press
P9329438,55,4,12,W1611437,Overhead Press
P7037484,75,5,10,W9160554,Sit-Ups
P7845302,35,2,10,W9160554,Kettlebell Swing
P7410090,20,2,12,W8397997,Dumbbell Curl
P7133153,35,3,15,W8397997,Arnold Press
P4029654,35,4,20,W8397997,Kettlebell Swing
P1106173,90,2,10,W5726354,Chin-Up
P2392369,70,3,15,W5726354,Leg Press
P5734492,70,5,12,W5726354,Barbell Curl
P6638340,35,3,10,W6631893,Lateral Raise
P5754240,95,4,10,W4676058,Jumping Jacks
P2793426,105,2,10,W4676058,Chin-Up
P6311139,60,6,10,W4676058,Step-Ups
P0327651,85,4,15,W4676058,Battle Ropes
P8937231,35,3,12,W5551635,Front Raise
P6726458,20,3,10,W5551635,Donkey Kicks
P6986872,80,5,15,W5551635,Lateral Raise
P6562414,85,3,10,W5551635,Hanging Leg Raises
P1407453,55,2,10,W0832275,Skull Crushers
P2775318,80,3,10,W0832275,Hanging Leg Raises
P6224102,25,4,12,W0832275,Tricep Dip
P3338343,30,5,15,W0832275,Dumbbell Curl
P1321728,20,4,20,W0832275,Lateral Raise
P4117171,100,5,10,W6624830,Front Raise
P6846384,70,6,12,W6624830,Kettlebell Swing
P7350765,70,4,10,W6624830,Jumping Jacks
P2514458,25,4,10,W6624830,Sumo Deadlift
P4008105,70,5,10,W6624830,Calf Raises
P6521880,80,6,15,W4644793,Overhead Press
P9726025,50,3,12,W0983515,V-Ups
P0732071,90,5,10,W0983515,Arnold Press
P7808515,30,3,12,W0983515,Jump Rope
P2101453,65,3,12,W0983515,Russian Twists
P3474315,45,4,10,W1355636,Chest Fly
P6719276,25,4,12,W8815896,Front Squat
P4933241,65,3,15,W8815896,Burpees
P8597381,70,3,10,W8815896,Mountain Climbers
P7164481,75,5,12,W8815896,Sled Push
P0900839,25,4,12,W8815896,Push-Up
P0192634,80,3,10,W5004089,Arnold Press
P7281507,70,5,12,W5004089,Lunges
P5683501,30,4,15,W5004089,Donkey Kicks
P7517135,95,3,12,W5004089,Skull Crushers
P2783951,95,2,12,W2952560,Hammer Curl
P5685818,100,6,10,W2952560,Pull-Up
P8024413,95,3,15,W8249181,Chin-Up
P9690611,70,3,10,W8249181,Deadlift
P4051649,25,2,12,W8249181,Front Squat
P9553112,75,3,10,W8249181,Chest Fly
P6266945,85,3,20,W7159454,T-Bar Row
P1722342,25,5,12,W7159454,Donkey Kicks
P6732745,110,3,20,W9443008,Arnold Press
P1591513,120,3,15,W9443008,Barbell Curl
P8222969,110,3,12,W9443008,Plank
P7678680,90,3,15,W5580180,Chest Fly
P6571315,100,3,10,W5580180,T-Bar Row
P3380150,80,2,10,W4176686,Battle Ropes
P7850920,50,3,15,W4176686,Russian Twists
P1854578,50,2,12,W4176686,Push-Up
P1307769,105,6,12,W4176686,Barbell Curl
P8780770,105,3,10,W4176686,Arnold Press
P4418729,85,3,10,W9985873,Sit-Ups
P8938965,35,4,12,W9985873,Jumping Jacks
P3207288,20,3,12,W9985873,Side Plank
P0807505,60,4,10,W9985873,Side Plank
P6209164,85,2,10,W0341453,Skull Crushers
P1938004,115,3,10,W0341453,Squat
P9550881,45,3,10,W0045235,Decline Bench Press
P4965434,60,3,20,W0045235,Front Raise
P3375462,105,4,10,W0366652,Hip Thrusts
P6299509,75,3,12,W0366652,Front Squat
P4800140,55,3,10,W0366652,Lateral Raise
P4777840,35,3,10,W0366652,Decline Bench Press
P1342903,110,3,10,W0366652,Sit-Ups
P2214850,45,3,12,W4796672,Pull-Up
P1304633,75,3,10,W4796672,Hanging Leg Raises
P0477360,70,3,15,W4796672,Plank
P2420728,35,3,10,W3358535,Dumbbell Curl
P8684340,55,5,12,W3358535,Tricep Dip
P9909456,65,3,15,W3358535,Russian Twists
P3553302,90,4,15,W3121889,Push-Up
P3607771,60,3,15,W3501465,Arnold Press
P4490751,35,5,12,W7176647,Bench Press
P0712123,50,5,12,W0596386,Sled Push
P8519330,90,3,15,W0596386,Side Plank
P7237465,50,3,10,W0596386,Step-Ups
P6323680,35,4,12,W0596386,Side Plank
P2150388,85,4,15,W1840815,Leg Press
P4496145,80,5,15,W1840815,Bulgarian Split Squat
P4124551,55,3,15,W1840815,Front Raise
P1360458,95,5,12,W1840815,Sled Push
P4451644,85,5,10,W1840815,Side Plank
P5007831,45,3,10,W5921560,Barbell Curl
P3224982,65,4,15,W5921560,Hip Thrusts
P7837404,100,3,12,W5921560,Chest Fly
P4670124,45,2,10,W0009611,Kettlebell Swing
P2562963,80,5,12,W0009611,Barbell Curl
P9027244,30,3,12,W0009611,Kettlebell Swing
P9477407,35,3,10,W0009611,Lateral Raise
P6770572,40,5,15,W0009611,Lateral Raise
P7587454,20,4,10,W4415475,Sled Push
P6322198,65,4,15,W4415475,Barbell Curl
P6630107,65,3,12,W4415475,T-Bar Row
P2439635,70,3,10,W4415475,Arnold Press
P4902053,70,3,10,W4415475,Bulgarian Split Squat
P0783791,25,3,15,W6134355,Rowing Machine
P6151818,95,4,12,W6134355,Push-Up
P0755671,35,3,10,W6526961,V-Ups
P8943301,85,5,10,W6526961,Hanging Leg Raises
P5459421,25,4,15,W6526961,Hammer Curl
P3284721,80,3,15,W0829856,Calf Raises
P6778737,30,5,10,W0829856,Lunges
P2863863,30,4,12,W0829856,Squat
P1522462,70,4,20,W8817543,Deadlift
P3697965,20,4,12,W8817543,Lunges
P5405099,20,3,10,W8817543,Bench Press
P6728046,35,3,10,W8817543,Tricep Dip
P1835456,40,3,10,W8817543,Front Squat
P9836764,20,4,15,W4457528,Donkey Kicks
P6816785,35,4,10,W4457528,Bench Press
P7865715,95,4,15,W4457528,Bench Press
P5869604,55,3,15,W4457528,Side Plank
P9733196,70,4,12,W0879013,T-Bar Row
P3584040,50,3,10,W0879013,Lunges
P6633236,40,4,10,W0879013,Jump Rope
P0419501,70,4,12,W0879013,Overhead Press
P2575133,45,5,20,W4467489,Dumbbell Curl
P4930401,115,2,12,W4467489,Face Pulls
P9290700,95,4,12,W4467489,Jumping Jacks
P5414120,25,5,20,W4467489,Leg Press
P7710098,25,4,10,W4467489,Sled Push
P8764012,90,3,15,W0246923,Sumo Deadlift
P0653761,65,4,12,W0246923,Hammer Curl
P6746659,20,5,12,W0246923,Deadlift
P4822943,35,3,12,W0246923,Plank
P7223982,90,3,12,W0246923,Hanging Leg Raises
P5029619,35,3,12,W8991740,Tricep Dip
P2630754,75,4,15,W3045531,Deadlift
P5029927,35,4,20,W3045531,Sit-Ups
P4313170,90,3,12,W3045531,Hamstring Stretch
P7617867,85,4,15,W0503331,Hammer Curl
P4533348,80,4,12,W0503331,Squat
P8229687,90,2,12,W5797241,Lateral Raise
P1468282,90,4,12,W4819591,Incline Bench Press
P5168437,75,2,10,W4819591,Face Pulls
P5369776,85,4,12,W4819591,Side Plank
P1904241,100,6,12,W0419668,Push-Up
P5353502,80,4,10,W0419668,Bulgarian Split Squat
P4703873,20,3,20,W0419668,Overhead Press
P6409468,60,3,15,W3981057,Burpees
P6587548,75,3,15,W3981057,Sled Push
P4463029,40,5,12,W3981057,Donkey Kicks
P4304694,80,4,10,W6147497,Sled Push
P9211046,110,3,15,W6147497,Overhead Tricep Extension
P8474614,70,4,15,W6147497,Rowing Machine
P8395418,50,5,15,W6147497,Donkey Kicks
P3694107,80,3,10,W0547645,Dumbbell Curl
P1310457,75,5,20,W0547645,Leg Press
P2279382,90,4,20,W0547645,T-Bar Row
P5883705,115,2,12,W0547645,Mountain Climbers
P6621491,90,3,15,W0547645,Squat
P9801734,40,2,12,W6192222,T-Bar Row
P2517893,120,4,12,W6192222,Chin-Up
P9152725,65,4,12,W4470358,Overhead Tricep Extension
P6276003,100,2,12,W4470358,Donkey Kicks
P8141157,35,3,20,W8405007,Chest Fly
P8985439,35,3,15,W8405007,Russian Twists
P7997706,80,3,10,W8405007,Barbell Curl
P0261775,75,4,15,W8405007,Dumbbell Curl
P8887659,70,4,10,W4481016,Sit-Ups
P3889156,105,4,10,W4481016,Hip Thrusts
P8366919,110,4,15,W4481016,Bench Press
P6755965,50,4,12,W4481016,Mountain Climbers
P5607745,40,4,15,W4481016,Bulgarian Split Squat
P6868316,20,3,12,W0432410,Jump Rope
P8081641,60,3,10,W0432410,Side Plank
P1721810,90,4,15,W0432410,Plank
P8031164,70,3,15,W0432410,Barbell Curl
P9780572,85,3,10,W0432410,Chin-Up
P7934292,40,4,10,W2225099,Overhead Press
P9295432,25,3,15,W2225099,Burpees
P3944798,75,4,12,W2225099,Bench Press
P8848455,95,5,20,W2225099,Hamstring Stretch
P7639307,70,3,12,W5075702,Plank
P4720851,55,2,10,W9647348,Sumo Deadlift
P9019499,40,5,20,W9353204,Donkey Kicks
P2655690,100,3,15,W9353204,Calf Raises
P9916300,105,3,12,W9353204,Calf Raises
P4232229,105,4,12,W9353204,Dumbbell Curl
P7059961,50,4,10,W3406285,Tricep Dip
P5048128,35,3,12,W8484120,Dumbbell Curl
P3537827,90,3,12,W8484120,Russian Twists
P1091719,105,5,15,W0755275,Lateral Raise
P7085977,100,5,10,W0755275,Rowing Machine
P1274514,30,5,10,W0755275,Leg Press
P6678249,100,3,12,W0755275,Lunges
P2900740,85,3,12,W5591391,Jump Rope
P7147136,95,5,20,W5591391,Pull-Up
P2555628,95,3,15,W1918350,Leg Press
P1627227,115,3,15,W1918350,Burpees
P8645993,20,5,12,W5993407,Sumo Deadlift
P2605852,35,3,10,W5993407,Hanging Leg Raises
P0483746,105,4,15,W5993407,Sumo Deadlift
P4457985,100,4,10,W5163112,Skull Crushers
P8969431,30,2,12,W5163112,Face Pulls
P4873161,30,3,15,W5163112,Overhead Press
P2391525,45,3,10,W5163112,Hammer Curl
P3640829,90,4,10,W5163112,Russian Twists
P5613722,105,5,20,W6148096,Leg Press
P8316847,70,3,15,W6148096,Front Raise
P9958216,45,2,12,W6148096,Hip Thrusts
P4712251,25,3,15,W6148096,Battle Ropes
P4651333,75,4,15,W7840959,Front Squat
P7858784,55,5,15,W7840959,Donkey Kicks
P3535878,80,2,12,W9599089,Mountain Climbers
P5151966,100,3,10,W9599089,Barbell Curl
P9407825,95,5,15,W9599089,Lateral Raise
P6566459,115,2,12,W9599089,Bench Press
P1892920,110,3,12,W9599089,Chest Fly
P3846020,90,4,10,W9942261,Jump Rope
P8639279,30,4,20,W9942261,Plank
P4917552,45,4,10,W9942261,Arnold Press
P4706756,85,3,10,W9942261,Bench Press
P9543475,110,5,12,W2719513,Barbell Curl
P2651389,25,2,15,W2719513,Sumo Deadlift
P5664547,60,3,15,W2719513,Chest Fly
P5218666,20,5,15,W2719513,Sit-Ups
P2516675,115,4,15,W3740858,Mountain Climbers
P9919378,100,3,10,W3563461,Sled Push
P3035070,80,3,10,W3563461,Jump Rope
P9046093,85,4,15,W3563461,Sumo Deadlift
P9107868,100,3,10,W9002837,Overhead Press
P2567409,40,4,12,W9002837,Plank
P8621234,85,3,15,W9002837,Hanging Leg Raises
P8890575,25,4,15,W9002837,Plank
P0499037,110,3,15,W9002837,T-Bar Row
P8435380,110,6,12,W2205340,Push-Up
P2068411,105,2,10,W2205340,Russian Twists
P3370717,30,4,12,W2205340,Deadlift
P8216413,85,3,12,W1429587,Barbell Curl
P3664497,25,5,15,W1429587,Sit-Ups
P6955817,65,4,10,W1429587,Front Raise
P7516680,110,4,12,W1429587,Burpees
P4380574,55,4,10,W1429587,Dumbbell Curl
P1009840,30,4,10,W1831346,Front Squat
P3399648,85,4,20,W1831346,Chest Fly
P7666450,25,5,12,W1831346,Hammer Curl
P9414783,115,4,20,W1831346,Bench Press
P2741867,80,4,12,W4571305,Dumbbell Curl
P2960123,90,4,12,W4571305,Skull Crushers
P7216393,105,5,10,W4571305,T-Bar Row
P0368051,95,4,15,W4571305,Leg Press
P1647239,70,3,12,W7459940,Calf Raises
P9649171,55,4,12,W7459940,Sled Push
P5110091,20,5,12,W7459940,Push-Up
P0138967,40,3,12,W7459940,V-Ups
P3940033,45,4,12,W4765831,Push-Up
P3877297,120,4,10,W4765831,Burpees
P1766594,50,3,20,W4765831,Chin-Up
P4268802,100,3,10,W4765831,Bench Press
P9248865,70,5,12,W4765831,Donkey Kicks
P0827677,20,4,10,W0177034,Russian Twists
P7879260,95,3,12,W8558924,Overhead Press
P6751476,25,3,12,W8558924,Push-Up
P1083228,20,4,20,W8558924,Bulgarian Split Squat
P2145205,80,3,10,W8558924,Step-Ups
P4101174,90,3,12,W0160264,Plank
P7441251,45,4,20,W4656065,Rowing Machine
P7817645,50,4,15,W7400110,Skull Crushers
P9084197,55,3,20,W7400110,Sit-Ups
P3981702,105,3,15,W0656536,Russian Twists
P8331399,60,6,15,W0656536,Jump Rope
P1079838,80,3,12,W0656536,Barbell Curl
P5419229,65,4,12,W0656536,Calf Raises
P6712096,115,3,10,W0656536,Sled Push
P9005465,50,5,12,W0865078,Pull-Up
P0385405,50,3,15,W0865078,Hammer Curl
P8828689,80,5,12,W0865078,Decline Bench Press
P8554440,80,4,12,W6616158,Chin-Up
P2670646,50,4,15,W6616158,Chin-Up
P4701688,100,3,10,W6616158,Calf Raises
P8759992,55,2,12,W6616158,Decline Bench Press
P8963461,100,5,10,W8557307,Sled Push
P6154131,35,2,12,W8557307,Bulgarian Split Squat
P7650743,55,2,20,W8557307,Rowing Machine
P4143727,45,4,10,W6825355,Battle Ropes
P9782969,85,3,12,W6825355,Lunges
P8991370,70,2,15,W8451429,Incline Bench Press
P1263833,40,5,20,W8451429,Rowing Machine
P4003968,70,5,15,W8451429,Russian Twists
P6194389,110,3,15,W4633574,Battle Ropes
P6347616,90,4,20,W6657026,Step-Ups
P9566167,80,3,15,W6657026,Jumping Jacks
P4901937,65,4,20,W6657026,Barbell Curl
P8718069,115,4,10,W6657026,Dumbbell Curl
P1639169,45,3,15,W6303695,Decline Bench Press
P0175461,65,3,15,W6303695,Hamstring Stretch
P5125619,100,4,12,W6303695,Push-Up
P1259886,70,3,12,W6683737,V-Ups
P0887774,90,4,12,W6683737,Face Pulls
P3203315,105,6,12,W0387006,Overhead Tricep Extension
P8759252,115,3,10,W0387006,Leg Press
P8332153,65,5,12,W6056506,Lunges
P0460630,90,3,15,W6056506,Lunges
P3263552,20,3,10,W3966822,Leg Press
P5502421,95,4,12,W3966822,Jumping Jacks
P4058623,105,4,15,W3966822,Step-Ups
P9124371,75,4,15,W3662778,Leg Press
P6971636,90,4,15,W3662778,Leg Press
P7590261,60,4,10,W3662778,Chin-Up
P8032600,20,3,15,W3662778,Lunges
P5788884,115,4,12,W5153686,Lateral Raise
P8403801,105,3,15,W5153686,Donkey Kicks
P8011196,115,3,15,W5153686,Barbell Curl
P2178270,115,6,15,W5153686,Sled Push
P8208252,20,2,15,W2339758,Side Plank
P9883296,105,6,12,W2339758,Chin-Up
P6265967,75,3,15,W1693837,V-Ups
P7938682,65,2,12,W1693837,Lateral Raise
P5636445,75,5,15,W1693837,Hamstring Stretch
P2897986,35,4,10,W1693837,Donkey Kicks
P6904731,40,4,20,W1439684,Tricep Dip
P6076025,85,4,12,W6068110,Step-Ups
P8337782,60,5,10,W6565343,Step-Ups
P1825372,40,3,10,W6565343,Bench Press
P1596913,85,4,10,W6565343,Decline Bench Press
P8310933,95,3,12,W6565343,Push-Up
P8950962,105,3,20,W6565343,Barbell Curl
P2577934,35,2,12,W4876050,Deadlift
P7913683,20,5,10,W4876050,Calf Raises
P5892555,115,3,12,W6977916,Chest Fly
P7849015,75,4,12,W6977916,Hammer Curl
P5695661,105,4,10,W3867388,V-Ups
P2456296,75,4,10,W8788738,Face Pulls
P0907192,35,4,12,W8788738,Hamstring Stretch
P6435235,25,4,15,W8788738,T-Bar Row
P4537629,25,5,15,W5154280,Rowing Machine
P6491576,35,3,15,W5154280,Squat
P3280829,80,4,12,W5154280,V-Ups
P5461038,20,3,12,W5154280,Arnold Press
P6572488,40,3,12,W3517277,Front Squat
P7437166,35,5,12,W3517277,Bench Press
P5123280,95,4,15,W4713616,Barbell Curl
P8777259,45,3,12,W4713616,Burpees
P1333875,40,2,15,W5279289,Hamstring Stretch
P6706670,70,4,10,W5279289,Push-Up
P1169566,65,3,15,W4975561,Face Pulls
P2126141,75,4,12,W9387525,Jump Rope
P4363883,75,3,10,W9387525,Hamstring Stretch
P8190113,90,4,15,W9387525,Jumping Jacks
P0640616,115,3,10,W9387525,Skull Crushers
P1636742,110,4,12,W9297141,Plank
P7773727,40,3,12,W9297141,Chest Fly
P8496890,40,3,20,W9297141,Overhead Tricep Extension
P6576428,25,5,15,W9297141,Bench Press
P0793134,95,5,15,W9297141,Incline Bench Press
P1047349,25,4,20,W0588399,Skull Crushers
P8912706,90,4,15,W0588399,Arnold Press
P8221764,85,3,15,W2354401,Lateral Raise
P6039331,95,6,20,W2354401,Push-Up
P5271456,110,3,12,W2688018,Face Pulls
P9445790,95,4,12,W2688018,Chin-Up
P5295665,50,4,15,W1150546,Step-Ups
P2815553,35,3,15,W1150546,Front Squat
P1495704,40,4,12,W1150546,Incline Bench Press
P7890906,75,2,10,W1150546,Arnold Press
P7226638,90,3,12,W4245235,Sit-Ups
P3968996,75,4,20,W4245235,Sled Push
P1109248,35,2,10,W4245235,Mountain Climbers
P6172743,70,4,12,W4245235,Side Plank
P6837492,105,3,15,W4245235,Bench Press
P7801042,85,3,12,W7267339,Leg Press
P1541936,35,2,12,W7267339,Sumo Deadlift
P4326835,65,5,12,W7267339,Skull Crushers
P3773074,105,4,12,W7267339,Bench Press
P7007241,70,3,12,W7267339,Overhead Tricep Extension
P5768544,100,3,15,W5921781,Deadlift
P9726843,40,3,10,W5921781,Hip Thrusts
P2611865,25,5,12,W5921781,Push-Up
P7234950,105,3,12,W3006119,Mountain Climbers
P8524295,95,3,10,W5576490,Burpees
P8302238,35,4,12,W5576490,Sumo Deadlift
P2960702,100,2,12,W5576490,Tricep Dip
P0718911,20,3,12,W5576490,Pull-Up
P2460964,25,3,20,W2595586,Side Plank
P2238668,35,3,10,W2595586,Incline Bench Press
P5163676,65,5,20,W2595586,Deadlift
P5225967,25,3,15,W9095765,V-Ups
P5118093,35,4,12,W9095765,Deadlift
P5074006,50,3,15,W9095765,Hammer Curl
P0991502,115,5,20,W4679705,Calf Raises
P5090949,40,6,10,W8918225,T-Bar Row
P7423855,25,4,10,W8918225,Rowing Machine
P2179810,30,4,15,W3068373,Front Raise
P3950681,50,5,20,W3068373,Chin-Up
P6612525,45,4,20,W4941451,Squat
P5834625,75,4,12,W4941451,Lunges
P0905582,110,3,12,W4941451,Leg Press
P5147550,40,4,10,W4941451,Skull Crushers
P3882055,45,3,10,W4941451,Jumping Jacks
P9782899,25,4,12,W7794582,Overhead Tricep Extension
P6770225,20,3,15,W7794582,Face Pulls
P6379605,55,4,12,W7011765,Lateral Raise
P2789486,40,4,15,W7011765,Side Plank
P8035623,65,5,15,W7011765,Front Raise
P9334863,105,3,10,W7011765,Jumping Jacks
P1703204,30,4,12,W1107242,Hanging Leg Raises
P7267793,90,3,15,W1107242,Sled Push
P7366666,45,3,15,W8732511,Sumo Deadlift
P4338818,85,2,12,W8732511,Lateral Raise
P4029997,105,3,12,W8732511,Dumbbell Curl
P8559113,85,4,15,W8732511,Jumping Jacks
P3376688,45,2,12,W1959976,Skull Crushers
P6476336,100,3,15,W1959976,Kettlebell Swing
P9275279,45,3,15,W1959976,Hip Thrusts
P3691584,65,4,12,W1959976,Hammer Curl
P5835201,85,4,12,W1959976,Sled Push
P0635586,95,6,15,W7306975,Tricep Dip
P6147893,60,4,20,W7306975,Kettlebell Swing
P2505852,115,4,12,W3112059,Jumping Jacks
P8635190,60,3,20,W3112059,Step-Ups
P8074374,45,4,12,W4841453,Burpees
P5282842,35,3,12,W4841453,Side Plank
P9952148,80,3,20,W4841453,Skull Crushers
P8301788,105,2,10,W4841453,Deadlift
P6244418,90,6,12,W4841453,Sled Push
P8589676,105,3,12,W8735940,Incline Bench Press
P4824920,45,5,15,W8735940,Hammer Curl
P3209752,30,3,15,W8735940,Incline Bench Press
P8612838,25,3,12,W2415670,Battle Ropes
P7857261,40,3,10,W2415670,Chin-Up
P2435196,95,3,15,W1237821,Calf Raises
P5850237,115,4,12,W1237821,Step-Ups
P6989499,40,3,12,W1237821,Chest Fly
P0930685,35,3,20,W1237821,Front Squat
P3117024,85,3,12,W1237821,Burpees
P0550129,70,3,12,W2298958,Chin-Up
P0078198,20,4,15,W2298958,Dumbbell Curl
P2550922,105,5,10,W2298958,Incline Bench Press
P1991367,75,3,10,W4785656,Decline Bench Press
P1278096,45,5,10,W4785656,Mountain Climbers
P1329364,80,3,10,W4785656,Face Pulls
P6146399,85,3,20,W4785656,Chest Fly
P4667801,25,5,15,W9379368,Sumo Deadlift
P4481165,40,5,10,W9379368,Sled Push
P4252345,55,5,12,W9379368,Tricep Dip
P9291296,60,3,10,W9379368,V-Ups
P6113748,55,5,15,W9379368,Skull Crushers
P7177941,45,2,15,W1766211,Donkey Kicks
P2252324,50,4,15,W1766211,Tricep Dip
P4473027,45,3,10,W9360118,Front Raise
P7406855,55,3,20,W9360118,Sit-Ups
P4043726,35,3,10,W2555434,Push-Up
P1742606,115,3,10,W2555434,Barbell Curl
P3782309,55,3,10,W4373094,Chest Fly
P3657914,65,4,15,W4373094,Mountain Climbers
P1047837,40,5,10,W1984783,Chin-Up
P0051388,55,3,20,W1984783,Mountain Climbers
P2984843,25,6,12,W4574353,Squat
P4139308,70,3,12,W4574353,Squat
P9428598,115,5,10,W4574353,Chest Fly
P1145274,115,3,20,W4574353,Barbell Curl
P0699581,50,5,12,W4574353,Overhead Press
P3758270,115,4,15,W4717182,Hanging Leg Raises
P3750082,30,3,15,W4717182,Barbell Curl
P3982530,110,3,10,W4717182,Hamstring Stretch
P6826104,65,6,10,W9189101,Deadlift
P7298788,90,3,12,W9189101,Step-Ups
P8885892,95,4,12,W9189101,Barbell Curl
P2305567,40,4,15,W9189101,Hamstring Stretch
P8715799,45,4,10,W9189101,Decline Bench Press
P3892925,110,4,20,W9326486,Barbell Curl
P5050793,90,5,12,W9326486,Battle Ropes
P2393729,50,3,10,W9326486,Incline Bench Press
P2928165,55,3,12,W9326486,Tricep Dip
P0599173,115,2,10,W7571454,Sumo Deadlift
P6959792,105,2,15,W7571454,Side Plank
P7682994,60,4,12,W7571454,Decline Bench Press
P9397386,110,3,15,W7571454,Side Plank
P2555399,115,4,15,W4997629,Hammer Curl
P9914045,95,4,10,W4997629,Face Pulls
P8682312,70,2,15,W9589021,Calf Raises
P1755445,85,3,20,W9589021,Incline Bench Press
P6471193,80,4,15,W9775576,Hip Thrusts
P5944957,115,4,12,W9775576,Sit-Ups
P9555211,55,3,10,W9775576,Arnold Press
P1381440,50,4,20,W4873103,Step-Ups
P2043610,40,3,12,W0612060,Chin-Up
P4577088,50,4,12,W2079873,Hammer Curl
P6565910,65,4,15,W2079873,Bench Press
P8026299,95,2,12,W0684059,Hamstring Stretch
P1649408,70,4,10,W0684059,Overhead Press
P3848320,65,3,10,W0684059,Side Plank
P9240130,90,3,10,W0684059,Squat
P4054943,20,4,20,W0684059,Kettlebell Swing
P6119560,90,5,12,W8523375,Battle Ropes
P7027854,75,3,12,W2324478,Hamstring Stretch
P1855740,105,4,10,W2324478,Hamstring Stretch
P6484755,35,5,12,W2324478,Sumo Deadlift
P3929733,90,4,10,W2324478,V-Ups
P7932589,105,3,12,W2324478,T-Bar Row
P1174035,60,2,20,W5837380,Bulgarian Split Squat
P7424071,25,3,12,W5837380,Arnold Press
P6597265,45,3,15,W5837380,Chest Fly
P7982444,90,4,15,W5837380,Arnold Press
P7512414,100,3,12,W3229771,Mountain Climbers
P8182481,95,6,10,W3229771,Burpees
P4707547,115,3,10,W3229771,Overhead Press
P9282367,95,4,10,W3229771,Front Raise
P6112564,95,5,15,W5379699,Hip Thrusts
P2324906,95,3,12,W5379699,Sled Push
P8401319,100,2,12,W5379699,Deadlift
P2741194,70,3,12,W7223853,Overhead Tricep Extension
P5497751,110,2,15,W7223853,Kettlebell Swing
P7856230,90,3,15,W0428206,Calf Raises
P8560493,55,3,15,W0428206,Front Raise
P9427472,25,3,12,W8693368,Tricep Dip
P7648024,25,3,15,W8693368,Lateral Raise
P7768974,105,3,15,W8693368,Bulgarian Split Squat
P5073526,110,5,12,W4247262,Plank
P7465265,50,3,12,W4247262,Arnold Press
P4440380,60,5,20,W4247262,Sit-Ups
P7868642,90,3,15,W4247262,Rowing Machine
P8775977,25,4,10,W4247262,Side Plank
P1064711,80,5,10,W4963668,Sit-Ups
P4800259,50,3,15,W4963668,Kettlebell Swing
P9597699,115,3,12,W1379480,Squat
P6540077,75,3,12,W1379480,Sumo Deadlift
P8920609,40,4,12,W1379480,Face Pulls
P3222294,115,4,10,W1379480,Front Squat
P3475448,40,5,10,W6009976,Donkey Kicks
P7463186,115,6,12,W6009976,Hanging Leg Raises
P6049121,105,3,15,W9398668,Barbell Curl
P6042933,40,3,12,W9398668,Russian Twists
P4960839,80,4,10,W9398668,Battle Ropes
P0655706,45,3,12,W9398668,Hammer Curl
P5868078,90,5,15,W9398668,Arnold Press
P1977215,45,5,10,W7538022,Push-Up
P9079215,50,3,12,W7538022,Sled Push
P3316538,115,4,12,W9221217,Hammer Curl
P5206145,100,5,10,W9221217,Deadlift
P7669450,20,3,15,W4650468,Sit-Ups
P0144085,85,5,15,W4650468,Burpees
P7250123,20,5,12,W4650468,Deadlift
P8451918,35,3,15,W4650468,Jumping Jacks
P4549296,85,3,10,W8012133,Lunges
P8882004,75,2,12,W8012133,Lateral Raise
P3033716,90,4,12,W8012133,Calf Raises
P2238502,60,4,10,W5125070,Sled Push
P7460051,45,2,15,W5125070,Sit-Ups
P9815425,70,4,10,W5125070,Face Pulls
P3760876,105,5,12,W5125070,Side Plank
P9444434,60,4,12,W5125070,Lunges
P8705376,60,4,15,W4845865,Barbell Curl
P1099199,25,3,15,W4845865,Overhead Press
P5418530,115,2,15,W4845865,Jump Rope
